ContextInfo;ContextInfo.EqualityContract;ContextInfo.ElementType;ContextInfo.ElementVisibility;ContextInfo.Identifier;ContextInfo.Namespace;ContextInfo.FullName;ContextInfo.Name;ContextInfo.ShortName;ContextInfo.Contexts;ContextInfo.ClassOwner;ContextInfo.MethodOwner;ContextInfo.Action;ContextInfo.Domains;ContextInfo.References;ContextInfo.InvokedBy;ContextInfo.Owns;ContextInfo.MethodOwnedByItSelf;ContextInfo.Properties;ContextInfo.Dimensions;ContextInfo.SpanStart;ContextInfo.SpanEnd;ContextInfo.SymbolWrapper;ContextInfo.SyntaxWrapper;ContextInfo.NameWithClassOwnerName
"ContextInfo { ElementType = class, ElementVisibility = public, Identifier = CSharpContextInfoBulderType<TContext>, Namespace = RoslynKit.Phases.ContextInfoBuilder, FullName = CSharpContextInfoBulderType<TContext>, Name = CSharpContextInfoBulderType, ShortName = CSharpContextInfoBulderType, Contexts = System.Collections.Generic.HashSet`1[System.String], ClassOwner = , MethodOwner = , Action = build, Domains = System.Collections.Generic.HashSet`1[System.String], References = System.Collections.Generic.HashSet`1[ContextKit.Model.ContextInfo], InvokedBy = System.Collections.Generic.HashSet`1[ContextKit.Model.ContextInfo], Owns = System.Collections.Generic.HashSet`1[ContextKit.Model.ContextInfo], MethodOwnedByItSelf = False, Properties = System.Collections.Generic.HashSet`1[ContextKit.Model.ContextInfo], Dimensions = System.Collections.Generic.Dictionary`2[System.String,System.String], SpanStart = 380, SpanEnd = 1200, SymbolWrapper = , SyntaxWrapper = , NameWithClassOwnerName = CSharpContextInfoBulderType }";ContextKit.Model.ContextInfo;class;public;CSharpContextInfoBulderType<TContext>;RoslynKit.Phases.ContextInfoBuilder;CSharpContextInfoBulderType<TContext>;CSharpContextInfoBulderType;CSharpContextInfoBulderType;"[contextinfo, build, roslyn]";"";"";build;"[contextinfo, roslyn]";[];[];[];False;[];[];380;1200;"";"";CSharpContextInfoBulderType
"ContextInfo { ElementType = class, ElementVisibility = public, Identifier = CSharpContextInfoBuilderRecord<TContext>, Namespace = RoslynKit.Phases.ContextInfoBuilder, FullName = CSharpContextInfoBuilderRecord<TContext>, Name = CSharpContextInfoBuilderRecord, ShortName = CSharpContextInfoBuilderRecord, Contexts = System.Collections.Generic.HashSet`1[System.String], ClassOwner = , MethodOwner = , Action = build, Domains = System.Collections.Generic.HashSet`1[System.String], References = System.Collections.Generic.HashSet`1[ContextKit.Model.ContextInfo], InvokedBy = System.Collections.Generic.HashSet`1[ContextKit.Model.ContextInfo], Owns = System.Collections.Generic.HashSet`1[ContextKit.Model.ContextInfo], MethodOwnedByItSelf = False, Properties = System.Collections.Generic.HashSet`1[ContextKit.Model.ContextInfo], Dimensions = System.Collections.Generic.Dictionary`2[System.String,System.String], SpanStart = 342, SpanEnd = 1138, SymbolWrapper = , SyntaxWrapper = , NameWithClassOwnerName = CSharpContextInfoBuilderRecord }";ContextKit.Model.ContextInfo;class;public;CSharpContextInfoBuilderRecord<TContext>;RoslynKit.Phases.ContextInfoBuilder;CSharpContextInfoBuilderRecord<TContext>;CSharpContextInfoBuilderRecord;CSharpContextInfoBuilderRecord;"[contextinfo, build, roslyn]";"";"";build;"[contextinfo, roslyn]";[];[];[];False;[];[];342;1138;"";"";CSharpContextInfoBuilderRecord
"ContextInfo { ElementType = class, ElementVisibility = public, Identifier = CSharpContextInfoBuilderMethodArtifitial<TContext>, Namespace = RoslynKit.Phases.ContextInfoBuilder, FullName = CSharpContextInfoBuilderMethodArtifitial<TContext>, Name = CSharpContextInfoBuilderMethodArtifitial, ShortName = CSharpContextInfoBuilderMethodArtifitial, Contexts = System.Collections.Generic.HashSet`1[System.String], ClassOwner = , MethodOwner = , Action = build, Domains = System.Collections.Generic.HashSet`1[System.String], References = System.Collections.Generic.HashSet`1[ContextKit.Model.ContextInfo], InvokedBy = System.Collections.Generic.HashSet`1[ContextKit.Model.ContextInfo], Owns = System.Collections.Generic.HashSet`1[ContextKit.Model.ContextInfo], MethodOwnedByItSelf = False, Properties = System.Collections.Generic.HashSet`1[ContextKit.Model.ContextInfo], Dimensions = System.Collections.Generic.Dictionary`2[System.String,System.String], SpanStart = 380, SpanEnd = 1241, SymbolWrapper = , SyntaxWrapper = , NameWithClassOwnerName = CSharpContextInfoBuilderMethodArtifitial }";ContextKit.Model.ContextInfo;class;public;CSharpContextInfoBuilderMethodArtifitial<TContext>;RoslynKit.Phases.ContextInfoBuilder;CSharpContextInfoBuilderMethodArtifitial<TContext>;CSharpContextInfoBuilderMethodArtifitial;CSharpContextInfoBuilderMethodArtifitial;"[contextinfo, build, roslyn]";"";"";build;"[contextinfo, roslyn]";[];[];[];False;[];[];380;1241;"";"";CSharpContextInfoBuilderMethodArtifitial
"ContextInfo { ElementType = class, ElementVisibility = public, Identifier = ContextInfoCommentProcessor<T>, Namespace = ContextKit.ContextData.Comment, FullName = ContextInfoCommentProcessor<T>, Name = ContextInfoCommentProcessor, ShortName = ContextInfoCommentProcessor, Contexts = System.Collections.Generic.HashSet`1[System.String], ClassOwner = , MethodOwner = , Action = build, Domains = System.Collections.Generic.HashSet`1[System.String], References = System.Collections.Generic.HashSet`1[ContextKit.Model.ContextInfo], InvokedBy = System.Collections.Generic.HashSet`1[ContextKit.Model.ContextInfo], Owns = System.Collections.Generic.HashSet`1[ContextKit.Model.ContextInfo], MethodOwnedByItSelf = False, Properties = System.Collections.Generic.HashSet`1[ContextKit.Model.ContextInfo], Dimensions = System.Collections.Generic.Dictionary`2[System.String,System.String], SpanStart = 168, SpanEnd = 749, SymbolWrapper = , SyntaxWrapper = , NameWithClassOwnerName = ContextInfoCommentProcessor }";ContextKit.Model.ContextInfo;class;public;ContextInfoCommentProcessor<T>;ContextKit.ContextData.Comment;ContextInfoCommentProcessor<T>;ContextInfoCommentProcessor;ContextInfoCommentProcessor;"[contextinfo, comment, build]";"";"";build;"[contextinfo, comment]";[];[];[];False;[];[];168;749;"";"";ContextInfoCommentProcessor
"ContextInfo { ElementType = class, ElementVisibility = public, Identifier = HtmlPageCompilerClassOnly<TDataTensor>, Namespace = ExporterKit.Html.Pages.CoCompiler, FullName = HtmlPageCompilerClassOnly<TDataTensor>, Name = HtmlPageCompilerClassOnly, ShortName = HtmlPageCompilerClassOnly, Contexts = System.Collections.Generic.HashSet`1[System.String], ClassOwner = , MethodOwner = , Action = build, Domains = System.Collections.Generic.HashSet`1[System.String], References = System.Collections.Generic.HashSet`1[ContextKit.Model.ContextInfo], InvokedBy = System.Collections.Generic.HashSet`1[ContextKit.Model.ContextInfo], Owns = System.Collections.Generic.HashSet`1[ContextKit.Model.ContextInfo], MethodOwnedByItSelf = False, Properties = System.Collections.Generic.HashSet`1[ContextKit.Model.ContextInfo], Dimensions = System.Collections.Generic.Dictionary`2[System.String,System.String], SpanStart = 578, SpanEnd = 2582, SymbolWrapper = , SyntaxWrapper = , NameWithClassOwnerName = HtmlPageCompilerClassOnly }";ContextKit.Model.ContextInfo;class;public;HtmlPageCompilerClassOnly<TDataTensor>;ExporterKit.Html.Pages.CoCompiler;HtmlPageCompilerClassOnly<TDataTensor>;HtmlPageCompilerClassOnly;HtmlPageCompilerClassOnly;"[contextinfo, build, html]";"";"";build;"[contextinfo, html]";[];[];[];False;[];[];578;2582;"";"";HtmlPageCompilerClassOnly
"ContextInfo { ElementType = class, ElementVisibility = public, Identifier = CSharpContextInfoBuilderInterface<TContext>, Namespace = RoslynKit.Phases.ContextInfoBuilder, FullName = CSharpContextInfoBuilderInterface<TContext>, Name = CSharpContextInfoBuilderInterface, ShortName = CSharpContextInfoBuilderInterface, Contexts = System.Collections.Generic.HashSet`1[System.String], ClassOwner = , MethodOwner = , Action = build, Domains = System.Collections.Generic.HashSet`1[System.String], References = System.Collections.Generic.HashSet`1[ContextKit.Model.ContextInfo], InvokedBy = System.Collections.Generic.HashSet`1[ContextKit.Model.ContextInfo], Owns = System.Collections.Generic.HashSet`1[ContextKit.Model.ContextInfo], MethodOwnedByItSelf = False, Properties = System.Collections.Generic.HashSet`1[ContextKit.Model.ContextInfo], Dimensions = System.Collections.Generic.Dictionary`2[System.String,System.String], SpanStart = 342, SpanEnd = 1153, SymbolWrapper = , SyntaxWrapper = , NameWithClassOwnerName = CSharpContextInfoBuilderInterface }";ContextKit.Model.ContextInfo;class;public;CSharpContextInfoBuilderInterface<TContext>;RoslynKit.Phases.ContextInfoBuilder;CSharpContextInfoBuilderInterface<TContext>;CSharpContextInfoBuilderInterface;CSharpContextInfoBuilderInterface;"[contextinfo, build, roslyn]";"";"";build;"[contextinfo, roslyn]";[];[];[];False;[];[];342;1153;"";"";CSharpContextInfoBuilderInterface
"ContextInfo { ElementType = class, ElementVisibility = public, Identifier = SemanticCompilationViewBuilder<TSyntaxTreeWrapper>, Namespace = SemanticKit.Model, FullName = SemanticCompilationViewBuilder<TSyntaxTreeWrapper>, Name = SemanticCompilationViewBuilder, ShortName = SemanticCompilationViewBuilder, Contexts = System.Collections.Generic.HashSet`1[System.String], ClassOwner = , MethodOwner = , Action = build, Domains = System.Collections.Generic.HashSet`1[System.String], References = System.Collections.Generic.HashSet`1[ContextKit.Model.ContextInfo], InvokedBy = System.Collections.Generic.HashSet`1[ContextKit.Model.ContextInfo], Owns = System.Collections.Generic.HashSet`1[ContextKit.Model.ContextInfo], MethodOwnedByItSelf = False, Properties = System.Collections.Generic.HashSet`1[ContextKit.Model.ContextInfo], Dimensions = System.Collections.Generic.Dictionary`2[System.String,System.String], SpanStart = 271, SpanEnd = 2973, SymbolWrapper = , SyntaxWrapper = , NameWithClassOwnerName = SemanticCompilationViewBuilder }";ContextKit.Model.ContextInfo;class;public;SemanticCompilationViewBuilder<TSyntaxTreeWrapper>;SemanticKit.Model;SemanticCompilationViewBuilder<TSyntaxTreeWrapper>;SemanticCompilationViewBuilder;SemanticCompilationViewBuilder;"[roslyn, build, contextinfo]";"";"";build;"[roslyn, contextinfo]";[];[];[];False;[];[];271;2973;"";"";SemanticCompilationViewBuilder
"ContextInfo { ElementType = interface, ElementVisibility = public, Identifier = IContextInfoFiller<TTensor>, Namespace = ContextKit.Model, FullName = IContextInfoFiller<TTensor>, Name = IContextInfoFiller, ShortName = IContextInfoFiller, Contexts = System.Collections.Generic.HashSet`1[System.String], ClassOwner = , MethodOwner = , Action = build, Domains = System.Collections.Generic.HashSet`1[System.String], References = System.Collections.Generic.HashSet`1[ContextKit.Model.ContextInfo], InvokedBy = System.Collections.Generic.HashSet`1[ContextKit.Model.ContextInfo], Owns = System.Collections.Generic.HashSet`1[ContextKit.Model.ContextInfo], MethodOwnedByItSelf = False, Properties = System.Collections.Generic.HashSet`1[ContextKit.Model.ContextInfo], Dimensions = System.Collections.Generic.Dictionary`2[System.String,System.String], SpanStart = 297, SpanEnd = 623, SymbolWrapper = , SyntaxWrapper = , NameWithClassOwnerName = IContextInfoFiller }";ContextKit.Model.ContextInfo;interface;public;IContextInfoFiller<TTensor>;ContextKit.Model;IContextInfoFiller<TTensor>;IContextInfoFiller;IContextInfoFiller;"[contextinfo, contextinfomatrix, build]";"";"";build;"[contextinfo, contextinfomatrix]";[];[];[];False;[];[];297;623;"";"";IContextInfoFiller
"ContextInfo { ElementType = class, ElementVisibility = public, Identifier = CSharpContextInfoBuilderEnum<TContext>, Namespace = RoslynKit.Phases.ContextInfoBuilder, FullName = CSharpContextInfoBuilderEnum<TContext>, Name = CSharpContextInfoBuilderEnum, ShortName = CSharpContextInfoBuilderEnum, Contexts = System.Collections.Generic.HashSet`1[System.String], ClassOwner = , MethodOwner = , Action = build, Domains = System.Collections.Generic.HashSet`1[System.String], References = System.Collections.Generic.HashSet`1[ContextKit.Model.ContextInfo], InvokedBy = System.Collections.Generic.HashSet`1[ContextKit.Model.ContextInfo], Owns = System.Collections.Generic.HashSet`1[ContextKit.Model.ContextInfo], MethodOwnedByItSelf = False, Properties = System.Collections.Generic.HashSet`1[ContextKit.Model.ContextInfo], Dimensions = System.Collections.Generic.Dictionary`2[System.String,System.String], SpanStart = 342, SpanEnd = 1128, SymbolWrapper = , SyntaxWrapper = , NameWithClassOwnerName = CSharpContextInfoBuilderEnum }";ContextKit.Model.ContextInfo;class;public;CSharpContextInfoBuilderEnum<TContext>;RoslynKit.Phases.ContextInfoBuilder;CSharpContextInfoBuilderEnum<TContext>;CSharpContextInfoBuilderEnum;CSharpContextInfoBuilderEnum;"[contextinfo, build, roslyn]";"";"";build;"[contextinfo, roslyn]";[];[];[];False;[];[];342;1128;"";"";CSharpContextInfoBuilderEnum
"ContextInfo { ElementType = class, ElementVisibility = public, Identifier = DeclarationFileParser<TContext, TSyntaxTreeWrapper>, Namespace = SemanticKit.Parsers.File, FullName = DeclarationFileParser<TContext, TSyntaxTreeWrapper>, Name = DeclarationFileParser, ShortName = DeclarationFileParser, Contexts = System.Collections.Generic.HashSet`1[System.String], ClassOwner = , MethodOwner = , Action = build, Domains = System.Collections.Generic.HashSet`1[System.String], References = System.Collections.Generic.HashSet`1[ContextKit.Model.ContextInfo], InvokedBy = System.Collections.Generic.HashSet`1[ContextKit.Model.ContextInfo], Owns = System.Collections.Generic.HashSet`1[ContextKit.Model.ContextInfo], MethodOwnedByItSelf = False, Properties = System.Collections.Generic.HashSet`1[ContextKit.Model.ContextInfo], Dimensions = System.Collections.Generic.Dictionary`2[System.String,System.String], SpanStart = 486, SpanEnd = 3428, SymbolWrapper = , SyntaxWrapper = , NameWithClassOwnerName = DeclarationFileParser }";ContextKit.Model.ContextInfo;class;public;"DeclarationFileParser<TContext, TSyntaxTreeWrapper>";SemanticKit.Parsers.File;"DeclarationFileParser<TContext, TSyntaxTreeWrapper>";DeclarationFileParser;DeclarationFileParser;"[semantic, build, contextinfo]";"";"";build;"[semantic, contextinfo, compilationflow]";[];[];[];False;[];[];486;3428;"";"";DeclarationFileParser
"ContextInfo { ElementType = class, ElementVisibility = public, Identifier = CSharpContextInfoBuilderProperty<TContext>, Namespace = RoslynKit.Phases.ContextInfoBuilder, FullName = CSharpContextInfoBuilderProperty<TContext>, Name = CSharpContextInfoBuilderProperty, ShortName = CSharpContextInfoBuilderProperty, Contexts = System.Collections.Generic.HashSet`1[System.String], ClassOwner = , MethodOwner = , Action = build, Domains = System.Collections.Generic.HashSet`1[System.String], References = System.Collections.Generic.HashSet`1[ContextKit.Model.ContextInfo], InvokedBy = System.Collections.Generic.HashSet`1[ContextKit.Model.ContextInfo], Owns = System.Collections.Generic.HashSet`1[ContextKit.Model.ContextInfo], MethodOwnedByItSelf = False, Properties = System.Collections.Generic.HashSet`1[ContextKit.Model.ContextInfo], Dimensions = System.Collections.Generic.Dictionary`2[System.String,System.String], SpanStart = 342, SpanEnd = 1148, SymbolWrapper = , SyntaxWrapper = , NameWithClassOwnerName = CSharpContextInfoBuilderProperty }";ContextKit.Model.ContextInfo;class;public;CSharpContextInfoBuilderProperty<TContext>;RoslynKit.Phases.ContextInfoBuilder;CSharpContextInfoBuilderProperty<TContext>;CSharpContextInfoBuilderProperty;CSharpContextInfoBuilderProperty;"[contextinfo, build, roslyn]";"";"";build;"[contextinfo, roslyn]";[];[];[];False;[];[];342;1148;"";"";CSharpContextInfoBuilderProperty
"ContextInfo { ElementType = interface, ElementVisibility = public, Identifier = IContextInfoDatasetBuilder<TTensor>, Namespace = ContextKit.Model, FullName = IContextInfoDatasetBuilder<TTensor>, Name = IContextInfoDatasetBuilder, ShortName = IContextInfoDatasetBuilder, Contexts = System.Collections.Generic.HashSet`1[System.String], ClassOwner = , MethodOwner = , Action = build, Domains = System.Collections.Generic.HashSet`1[System.String], References = System.Collections.Generic.HashSet`1[ContextKit.Model.ContextInfo], InvokedBy = System.Collections.Generic.HashSet`1[ContextKit.Model.ContextInfo], Owns = System.Collections.Generic.HashSet`1[ContextKit.Model.ContextInfo], MethodOwnedByItSelf = False, Properties = System.Collections.Generic.HashSet`1[ContextKit.Model.ContextInfo], Dimensions = System.Collections.Generic.Dictionary`2[System.String,System.String], SpanStart = 175, SpanEnd = 453, SymbolWrapper = , SyntaxWrapper = , NameWithClassOwnerName = IContextInfoDatasetBuilder }";ContextKit.Model.ContextInfo;interface;public;IContextInfoDatasetBuilder<TTensor>;ContextKit.Model;IContextInfoDatasetBuilder<TTensor>;IContextInfoDatasetBuilder;IContextInfoDatasetBuilder;"[contextinfo, contextinfomatrix, build]";"";"";build;"[contextinfo, contextinfomatrix]";[];[];[];False;[];[];175;453;"";"";IContextInfoDatasetBuilder
"ContextInfo { ElementType = class, ElementVisibility = public, Identifier = ContextValidationDecorator<T>, Namespace = ContextKit.ContextData, FullName = ContextValidationDecorator<T>, Name = ContextValidationDecorator, ShortName = ContextValidationDecorator, Contexts = System.Collections.Generic.HashSet`1[System.String], ClassOwner = , MethodOwner = , Action = build, Domains = System.Collections.Generic.HashSet`1[System.String], References = System.Collections.Generic.HashSet`1[ContextKit.Model.ContextInfo], InvokedBy = System.Collections.Generic.HashSet`1[ContextKit.Model.ContextInfo], Owns = System.Collections.Generic.HashSet`1[ContextKit.Model.ContextInfo], MethodOwnedByItSelf = False, Properties = System.Collections.Generic.HashSet`1[ContextKit.Model.ContextInfo], Dimensions = System.Collections.Generic.Dictionary`2[System.String,System.String], SpanStart = 233, SpanEnd = 1468, SymbolWrapper = , SyntaxWrapper = , NameWithClassOwnerName = ContextValidationDecorator }";ContextKit.Model.ContextInfo;class;public;ContextValidationDecorator<T>;ContextKit.ContextData;ContextValidationDecorator<T>;ContextValidationDecorator;ContextValidationDecorator;"[roslyn, contextinfo, build]";"";"";build;"[roslyn, contextinfo]";[];[];[];False;[];[];233;1468;"";"";ContextValidationDecorator
"ContextInfo { ElementType = class, ElementVisibility = public, Identifier = HtmlPageCompilerActionOnly<TDataTensor>, Namespace = ExporterKit.Html.Pages.CoCompiler, FullName = HtmlPageCompilerActionOnly<TDataTensor>, Name = HtmlPageCompilerActionOnly, ShortName = HtmlPageCompilerActionOnly, Contexts = System.Collections.Generic.HashSet`1[System.String], ClassOwner = , MethodOwner = , Action = build, Domains = System.Collections.Generic.HashSet`1[System.String], References = System.Collections.Generic.HashSet`1[ContextKit.Model.ContextInfo], InvokedBy = System.Collections.Generic.HashSet`1[ContextKit.Model.ContextInfo], Owns = System.Collections.Generic.HashSet`1[ContextKit.Model.ContextInfo], MethodOwnedByItSelf = False, Properties = System.Collections.Generic.HashSet`1[ContextKit.Model.ContextInfo], Dimensions = System.Collections.Generic.Dictionary`2[System.String,System.String], SpanStart = 664, SpanEnd = 3911, SymbolWrapper = , SyntaxWrapper = , NameWithClassOwnerName = HtmlPageCompilerActionOnly }";ContextKit.Model.ContextInfo;class;public;HtmlPageCompilerActionOnly<TDataTensor>;ExporterKit.Html.Pages.CoCompiler;HtmlPageCompilerActionOnly<TDataTensor>;HtmlPageCompilerActionOnly;HtmlPageCompilerActionOnly;"[contextinfo, build, html]";"";"";build;"[contextinfo, html]";[];[];[];False;[];[];664;3911;"";"";HtmlPageCompilerActionOnly
"ContextInfo { ElementType = class, ElementVisibility = public, Identifier = CSharpContextInfoBuilderDelegate<TContext>, Namespace = RoslynKit.Phases.ContextInfoBuilder, FullName = CSharpContextInfoBuilderDelegate<TContext>, Name = CSharpContextInfoBuilderDelegate, ShortName = CSharpContextInfoBuilderDelegate, Contexts = System.Collections.Generic.HashSet`1[System.String], ClassOwner = , MethodOwner = , Action = build, Domains = System.Collections.Generic.HashSet`1[System.String], References = System.Collections.Generic.HashSet`1[ContextKit.Model.ContextInfo], InvokedBy = System.Collections.Generic.HashSet`1[ContextKit.Model.ContextInfo], Owns = System.Collections.Generic.HashSet`1[ContextKit.Model.ContextInfo], MethodOwnedByItSelf = False, Properties = System.Collections.Generic.HashSet`1[ContextKit.Model.ContextInfo], Dimensions = System.Collections.Generic.Dictionary`2[System.String,System.String], SpanStart = 342, SpanEnd = 1148, SymbolWrapper = , SyntaxWrapper = , NameWithClassOwnerName = CSharpContextInfoBuilderDelegate }";ContextKit.Model.ContextInfo;class;public;CSharpContextInfoBuilderDelegate<TContext>;RoslynKit.Phases.ContextInfoBuilder;CSharpContextInfoBuilderDelegate<TContext>;CSharpContextInfoBuilderDelegate;CSharpContextInfoBuilderDelegate;"[contextinfo, build, roslyn]";"";"";build;"[contextinfo, roslyn]";[];[];[];False;[];[];342;1148;"";"";CSharpContextInfoBuilderDelegate
"ContextInfo { ElementType = class, ElementVisibility = public, Identifier = ContextInfoDatasetBuilder<TTensor>, Namespace = ContextKit.Model, FullName = ContextInfoDatasetBuilder<TTensor>, Name = ContextInfoDatasetBuilder, ShortName = ContextInfoDatasetBuilder, Contexts = System.Collections.Generic.HashSet`1[System.String], ClassOwner = , MethodOwner = , Action = build, Domains = System.Collections.Generic.HashSet`1[System.String], References = System.Collections.Generic.HashSet`1[ContextKit.Model.ContextInfo], InvokedBy = System.Collections.Generic.HashSet`1[ContextKit.Model.ContextInfo], Owns = System.Collections.Generic.HashSet`1[ContextKit.Model.ContextInfo], MethodOwnedByItSelf = False, Properties = System.Collections.Generic.HashSet`1[ContextKit.Model.ContextInfo], Dimensions = System.Collections.Generic.Dictionary`2[System.String,System.String], SpanStart = 326, SpanEnd = 1789, SymbolWrapper = , SyntaxWrapper = , NameWithClassOwnerName = ContextInfoDatasetBuilder }";ContextKit.Model.ContextInfo;class;public;ContextInfoDatasetBuilder<TTensor>;ContextKit.Model;ContextInfoDatasetBuilder<TTensor>;ContextInfoDatasetBuilder;ContextInfoDatasetBuilder;"[contextinfo, contextinfomatrix, build]";"";"";build;"[contextinfo, contextinfomatrix]";[];[];[];False;[];[];326;1789;"";"";ContextInfoDatasetBuilder
"ContextInfo { ElementType = class, ElementVisibility = public, Identifier = ContextInfoFiller<TTensor>, Namespace = ContextKit.Model, FullName = ContextInfoFiller<TTensor>, Name = ContextInfoFiller, ShortName = ContextInfoFiller, Contexts = System.Collections.Generic.HashSet`1[System.String], ClassOwner = , MethodOwner = , Action = build, Domains = System.Collections.Generic.HashSet`1[System.String], References = System.Collections.Generic.HashSet`1[ContextKit.Model.ContextInfo], InvokedBy = System.Collections.Generic.HashSet`1[ContextKit.Model.ContextInfo], Owns = System.Collections.Generic.HashSet`1[ContextKit.Model.ContextInfo], MethodOwnedByItSelf = False, Properties = System.Collections.Generic.HashSet`1[ContextKit.Model.ContextInfo], Dimensions = System.Collections.Generic.Dictionary`2[System.String,System.String], SpanStart = 236, SpanEnd = 1949, SymbolWrapper = , SyntaxWrapper = , NameWithClassOwnerName = ContextInfoFiller }";ContextKit.Model.ContextInfo;class;public;ContextInfoFiller<TTensor>;ContextKit.Model;ContextInfoFiller<TTensor>;ContextInfoFiller;ContextInfoFiller;"[contextinfo, contextinfomatrix, build]";"";"";build;"[contextinfo, contextinfomatrix]";[];[];[];False;[];[];236;1949;"";"";ContextInfoFiller
"ContextInfo { ElementType = class, ElementVisibility = public, Identifier = HtmlPageCompilerDomainOnly<TDataTensor>, Namespace = ExporterKit.Html.Pages.CoCompiler, FullName = HtmlPageCompilerDomainOnly<TDataTensor>, Name = HtmlPageCompilerDomainOnly, ShortName = HtmlPageCompilerDomainOnly, Contexts = System.Collections.Generic.HashSet`1[System.String], ClassOwner = , MethodOwner = , Action = build, Domains = System.Collections.Generic.HashSet`1[System.String], References = System.Collections.Generic.HashSet`1[ContextKit.Model.ContextInfo], InvokedBy = System.Collections.Generic.HashSet`1[ContextKit.Model.ContextInfo], Owns = System.Collections.Generic.HashSet`1[ContextKit.Model.ContextInfo], MethodOwnedByItSelf = False, Properties = System.Collections.Generic.HashSet`1[ContextKit.Model.ContextInfo], Dimensions = System.Collections.Generic.Dictionary`2[System.String,System.String], SpanStart = 630, SpanEnd = 3539, SymbolWrapper = , SyntaxWrapper = , NameWithClassOwnerName = HtmlPageCompilerDomainOnly }";ContextKit.Model.ContextInfo;class;public;HtmlPageCompilerDomainOnly<TDataTensor>;ExporterKit.Html.Pages.CoCompiler;HtmlPageCompilerDomainOnly<TDataTensor>;HtmlPageCompilerDomainOnly;HtmlPageCompilerDomainOnly;"[contextinfo, build, html]";"";"";build;"[contextinfo, html]";[];[];[];False;[];[];630;3539;"";"";HtmlPageCompilerDomainOnly
"ContextInfo { ElementType = class, ElementVisibility = public, Identifier = ContextInfoFillerEmptyData<TTensor>, Namespace = ContextKit.Model, FullName = ContextInfoFillerEmptyData<TTensor>, Name = ContextInfoFillerEmptyData, ShortName = ContextInfoFillerEmptyData, Contexts = System.Collections.Generic.HashSet`1[System.String], ClassOwner = , MethodOwner = , Action = build, Domains = System.Collections.Generic.HashSet`1[System.String], References = System.Collections.Generic.HashSet`1[ContextKit.Model.ContextInfo], InvokedBy = System.Collections.Generic.HashSet`1[ContextKit.Model.ContextInfo], Owns = System.Collections.Generic.HashSet`1[ContextKit.Model.ContextInfo], MethodOwnedByItSelf = False, Properties = System.Collections.Generic.HashSet`1[ContextKit.Model.ContextInfo], Dimensions = System.Collections.Generic.Dictionary`2[System.String,System.String], SpanStart = 358, SpanEnd = 3285, SymbolWrapper = , SyntaxWrapper = , NameWithClassOwnerName = ContextInfoFillerEmptyData }";ContextKit.Model.ContextInfo;class;public;ContextInfoFillerEmptyData<TTensor>;ContextKit.Model;ContextInfoFillerEmptyData<TTensor>;ContextInfoFillerEmptyData;ContextInfoFillerEmptyData;"[contextinfo, contextinfomatrix, build]";"";"";build;"[contextinfo, contextinfomatrix]";[];[];[];False;[];[];358;3285;"";"";ContextInfoFillerEmptyData
"ContextInfo { ElementType = class, ElementVisibility = public, Identifier = SemanticCompilationMapBuilder<TSyntaxTreeWrapper>, Namespace = SemanticKit.Model, FullName = SemanticCompilationMapBuilder<TSyntaxTreeWrapper>, Name = SemanticCompilationMapBuilder, ShortName = SemanticCompilationMapBuilder, Contexts = System.Collections.Generic.HashSet`1[System.String], ClassOwner = , MethodOwner = , Action = build, Domains = System.Collections.Generic.HashSet`1[System.String], References = System.Collections.Generic.HashSet`1[ContextKit.Model.ContextInfo], InvokedBy = System.Collections.Generic.HashSet`1[ContextKit.Model.ContextInfo], Owns = System.Collections.Generic.HashSet`1[ContextKit.Model.ContextInfo], MethodOwnedByItSelf = False, Properties = System.Collections.Generic.HashSet`1[ContextKit.Model.ContextInfo], Dimensions = System.Collections.Generic.Dictionary`2[System.String,System.String], SpanStart = 271, SpanEnd = 1434, SymbolWrapper = , SyntaxWrapper = , NameWithClassOwnerName = SemanticCompilationMapBuilder }";ContextKit.Model.ContextInfo;class;public;SemanticCompilationMapBuilder<TSyntaxTreeWrapper>;SemanticKit.Model;SemanticCompilationMapBuilder<TSyntaxTreeWrapper>;SemanticCompilationMapBuilder;SemanticCompilationMapBuilder;"[roslyn, build, contextinfo]";"";"";build;"[roslyn, contextinfo, compilationflow]";[];[];[];False;[];[];271;1434;"";"";SemanticCompilationMapBuilder
"ContextInfo { ElementType = class, ElementVisibility = public, Identifier = CSharpContextInfoBuilderMethod<TContext>, Namespace = RoslynKit.Phases.ContextInfoBuilder, FullName = CSharpContextInfoBuilderMethod<TContext>, Name = CSharpContextInfoBuilderMethod, ShortName = CSharpContextInfoBuilderMethod, Contexts = System.Collections.Generic.HashSet`1[System.String], ClassOwner = , MethodOwner = , Action = build, Domains = System.Collections.Generic.HashSet`1[System.String], References = System.Collections.Generic.HashSet`1[ContextKit.Model.ContextInfo], InvokedBy = System.Collections.Generic.HashSet`1[ContextKit.Model.ContextInfo], Owns = System.Collections.Generic.HashSet`1[ContextKit.Model.ContextInfo], MethodOwnedByItSelf = False, Properties = System.Collections.Generic.HashSet`1[ContextKit.Model.ContextInfo], Dimensions = System.Collections.Generic.Dictionary`2[System.String,System.String], SpanStart = 380, SpanEnd = 1211, SymbolWrapper = , SyntaxWrapper = , NameWithClassOwnerName = CSharpContextInfoBuilderMethod }";ContextKit.Model.ContextInfo;class;public;CSharpContextInfoBuilderMethod<TContext>;RoslynKit.Phases.ContextInfoBuilder;CSharpContextInfoBuilderMethod<TContext>;CSharpContextInfoBuilderMethod;CSharpContextInfoBuilderMethod;"[contextinfo, build, roslyn]";"";"";build;"[contextinfo, roslyn]";[];[];[];False;[];[];380;1211;"";"";CSharpContextInfoBuilderMethod
"ContextInfo { ElementType = class, ElementVisibility = public, Identifier = CSharpSignatureBuilderTypeSymbol, Namespace = RoslynKit.Signature.SignatureBuilder, FullName = CSharpSignatureBuilderTypeSymbol, Name = CSharpSignatureBuilderTypeSymbol, ShortName = CSharpSignatureBuilderTypeSymbol, Contexts = System.Collections.Generic.HashSet`1[System.String], ClassOwner = , MethodOwner = , Action = build, Domains = System.Collections.Generic.HashSet`1[System.String], References = System.Collections.Generic.HashSet`1[ContextKit.Model.ContextInfo], InvokedBy = System.Collections.Generic.HashSet`1[ContextKit.Model.ContextInfo], Owns = System.Collections.Generic.HashSet`1[ContextKit.Model.ContextInfo], MethodOwnedByItSelf = False, Properties = System.Collections.Generic.HashSet`1[ContextKit.Model.ContextInfo], Dimensions = System.Collections.Generic.Dictionary`2[System.String,System.String], SpanStart = 244, SpanEnd = 1356, SymbolWrapper = , SyntaxWrapper = , NameWithClassOwnerName = CSharpSignatureBuilderTypeSymbol }";ContextKit.Model.ContextInfo;class;public;CSharpSignatureBuilderTypeSymbol;RoslynKit.Signature.SignatureBuilder;CSharpSignatureBuilderTypeSymbol;CSharpSignatureBuilderTypeSymbol;CSharpSignatureBuilderTypeSymbol;"[roslyn, signature, build]";"";"";build;"[roslyn, signature]";[];[];[];False;[];[];244;1356;"";"";CSharpSignatureBuilderTypeSymbol
"ContextInfo { ElementType = class, ElementVisibility = public, Identifier = CSharpSignatureBuilderMethodSymbol, Namespace = RoslynKit.Signature.SignatureBuilder, FullName = CSharpSignatureBuilderMethodSymbol, Name = CSharpSignatureBuilderMethodSymbol, ShortName = CSharpSignatureBuilderMethodSymbol, Contexts = System.Collections.Generic.HashSet`1[System.String], ClassOwner = , MethodOwner = , Action = build, Domains = System.Collections.Generic.HashSet`1[System.String], References = System.Collections.Generic.HashSet`1[ContextKit.Model.ContextInfo], InvokedBy = System.Collections.Generic.HashSet`1[ContextKit.Model.ContextInfo], Owns = System.Collections.Generic.HashSet`1[ContextKit.Model.ContextInfo], MethodOwnedByItSelf = False, Properties = System.Collections.Generic.HashSet`1[ContextKit.Model.ContextInfo], Dimensions = System.Collections.Generic.Dictionary`2[System.String,System.String], SpanStart = 244, SpanEnd = 1725, SymbolWrapper = , SyntaxWrapper = , NameWithClassOwnerName = CSharpSignatureBuilderMethodSymbol }";ContextKit.Model.ContextInfo;class;public;CSharpSignatureBuilderMethodSymbol;RoslynKit.Signature.SignatureBuilder;CSharpSignatureBuilderMethodSymbol;CSharpSignatureBuilderMethodSymbol;CSharpSignatureBuilderMethodSymbol;"[roslyn, signature, build]";"";"";build;"[roslyn, signature]";[];[];[];False;[];[];244;1725;"";"";CSharpSignatureBuilderMethodSymbol
"ContextInfo { ElementType = class, ElementVisibility = public, Identifier = CSharpSyntaxParserMethod<TContext>, Namespace = RoslynKit.Phases.Syntax.Parsers, FullName = CSharpSyntaxParserMethod<TContext>, Name = CSharpSyntaxParserMethod, ShortName = CSharpSyntaxParserMethod, Contexts = System.Collections.Generic.HashSet`1[System.String], ClassOwner = , MethodOwner = , Action = build, Domains = System.Collections.Generic.HashSet`1[System.String], References = System.Collections.Generic.HashSet`1[ContextKit.Model.ContextInfo], InvokedBy = System.Collections.Generic.HashSet`1[ContextKit.Model.ContextInfo], Owns = System.Collections.Generic.HashSet`1[ContextKit.Model.ContextInfo], MethodOwnedByItSelf = False, Properties = System.Collections.Generic.HashSet`1[ContextKit.Model.ContextInfo], Dimensions = System.Collections.Generic.Dictionary`2[System.String,System.String], SpanStart = 562, SpanEnd = 4682, SymbolWrapper = , SyntaxWrapper = , NameWithClassOwnerName = CSharpSyntaxParserMethod }";ContextKit.Model.ContextInfo;class;public;CSharpSyntaxParserMethod<TContext>;RoslynKit.Phases.Syntax.Parsers;CSharpSyntaxParserMethod<TContext>;CSharpSyntaxParserMethod;CSharpSyntaxParserMethod;"[syntax, build, roslyn]";"";"";build;"[syntax, roslyn, contextinfo]";[];[];[];False;[];[];562;4682;"";"";CSharpSyntaxParserMethod
"ContextInfo { ElementType = class, ElementVisibility = public, Identifier = RoslynInvocationLinker<TContext>, Namespace = RoslynKit.Assembly, FullName = RoslynInvocationLinker<TContext>, Name = RoslynInvocationLinker, ShortName = RoslynInvocationLinker, Contexts = System.Collections.Generic.HashSet`1[System.String], ClassOwner = , MethodOwner = , Action = build, Domains = System.Collections.Generic.HashSet`1[System.String], References = System.Collections.Generic.HashSet`1[ContextKit.Model.ContextInfo], InvokedBy = System.Collections.Generic.HashSet`1[ContextKit.Model.ContextInfo], Owns = System.Collections.Generic.HashSet`1[ContextKit.Model.ContextInfo], MethodOwnedByItSelf = False, Properties = System.Collections.Generic.HashSet`1[ContextKit.Model.ContextInfo], Dimensions = System.Collections.Generic.Dictionary`2[System.String,System.String], SpanStart = 405, SpanEnd = 3009, SymbolWrapper = , SyntaxWrapper = , NameWithClassOwnerName = RoslynInvocationLinker }";ContextKit.Model.ContextInfo;class;public;RoslynInvocationLinker<TContext>;RoslynKit.Assembly;RoslynInvocationLinker<TContext>;RoslynInvocationLinker;RoslynInvocationLinker;"[roslyn, invocation, build]";"";"";build;"[roslyn, invocation, syntax]";[];[];[];False;[];[];405;3009;"";"";RoslynInvocationLinker
"ContextInfo { ElementType = class, ElementVisibility = public, Identifier = CSharpSyntaxParserComment<TContext>, Namespace = RoslynKit.Phases.Syntax.Parsers, FullName = CSharpSyntaxParserComment<TContext>, Name = CSharpSyntaxParserComment, ShortName = CSharpSyntaxParserComment, Contexts = System.Collections.Generic.HashSet`1[System.String], ClassOwner = , MethodOwner = , Action = build, Domains = System.Collections.Generic.HashSet`1[System.String], References = System.Collections.Generic.HashSet`1[ContextKit.Model.ContextInfo], InvokedBy = System.Collections.Generic.HashSet`1[ContextKit.Model.ContextInfo], Owns = System.Collections.Generic.HashSet`1[ContextKit.Model.ContextInfo], MethodOwnedByItSelf = False, Properties = System.Collections.Generic.HashSet`1[ContextKit.Model.ContextInfo], Dimensions = System.Collections.Generic.Dictionary`2[System.String,System.String], SpanStart = 391, SpanEnd = 1263, SymbolWrapper = , SyntaxWrapper = , NameWithClassOwnerName = CSharpSyntaxParserComment }";ContextKit.Model.ContextInfo;class;public;CSharpSyntaxParserComment<TContext>;RoslynKit.Phases.Syntax.Parsers;CSharpSyntaxParserComment<TContext>;CSharpSyntaxParserComment;CSharpSyntaxParserComment;"[syntax, build, roslyn]";"";"";build;"[syntax, roslyn]";[];[];[];False;[];[];391;1263;"";"";CSharpSyntaxParserComment
"ContextInfo { ElementType = class, ElementVisibility = public, Identifier = CSharpSyntaxParserTypeClass<TContext>, Namespace = RoslynKit.Phases.Syntax.Parsers, FullName = CSharpSyntaxParserTypeClass<TContext>, Name = CSharpSyntaxParserTypeClass, ShortName = CSharpSyntaxParserTypeClass, Contexts = System.Collections.Generic.HashSet`1[System.String], ClassOwner = , MethodOwner = , Action = build, Domains = System.Collections.Generic.HashSet`1[System.String], References = System.Collections.Generic.HashSet`1[ContextKit.Model.ContextInfo], InvokedBy = System.Collections.Generic.HashSet`1[ContextKit.Model.ContextInfo], Owns = System.Collections.Generic.HashSet`1[ContextKit.Model.ContextInfo], MethodOwnedByItSelf = False, Properties = System.Collections.Generic.HashSet`1[ContextKit.Model.ContextInfo], Dimensions = System.Collections.Generic.Dictionary`2[System.String,System.String], SpanStart = 489, SpanEnd = 3806, SymbolWrapper = , SyntaxWrapper = , NameWithClassOwnerName = CSharpSyntaxParserTypeClass }";ContextKit.Model.ContextInfo;class;public;CSharpSyntaxParserTypeClass<TContext>;RoslynKit.Phases.Syntax.Parsers;CSharpSyntaxParserTypeClass<TContext>;CSharpSyntaxParserTypeClass;CSharpSyntaxParserTypeClass;"[syntax, build, roslyn]";"";"";build;"[syntax, roslyn]";[];[];[];False;[];[];489;3806;"";"";CSharpSyntaxParserTypeClass
"ContextInfo { ElementType = class, ElementVisibility = public, Identifier = CSharpSyntaxParserDelegate<TContext>, Namespace = RoslynKit.Phases.Syntax.Parsers, FullName = CSharpSyntaxParserDelegate<TContext>, Name = CSharpSyntaxParserDelegate, ShortName = CSharpSyntaxParserDelegate, Contexts = System.Collections.Generic.HashSet`1[System.String], ClassOwner = , MethodOwner = , Action = build, Domains = System.Collections.Generic.HashSet`1[System.String], References = System.Collections.Generic.HashSet`1[ContextKit.Model.ContextInfo], InvokedBy = System.Collections.Generic.HashSet`1[ContextKit.Model.ContextInfo], Owns = System.Collections.Generic.HashSet`1[ContextKit.Model.ContextInfo], MethodOwnedByItSelf = False, Properties = System.Collections.Generic.HashSet`1[ContextKit.Model.ContextInfo], Dimensions = System.Collections.Generic.Dictionary`2[System.String,System.String], SpanStart = 359, SpanEnd = 2239, SymbolWrapper = , SyntaxWrapper = , NameWithClassOwnerName = CSharpSyntaxParserDelegate }";ContextKit.Model.ContextInfo;class;public;CSharpSyntaxParserDelegate<TContext>;RoslynKit.Phases.Syntax.Parsers;CSharpSyntaxParserDelegate<TContext>;CSharpSyntaxParserDelegate;CSharpSyntaxParserDelegate;"[syntax, build, roslyn]";"";"";build;"[syntax, roslyn]";[];[];[];False;[];[];359;2239;"";"";CSharpSyntaxParserDelegate
"ContextInfo { ElementType = class, ElementVisibility = public, Identifier = CSharpSignatureBuilderFactoryExtensions, Namespace = RoslynKit.Signature.SignatureBuilder, FullName = CSharpSignatureBuilderFactoryExtensions, Name = CSharpSignatureBuilderFactoryExtensions, ShortName = CSharpSignatureBuilderFactoryExtensions, Contexts = System.Collections.Generic.HashSet`1[System.String], ClassOwner = , MethodOwner = , Action = build, Domains = System.Collections.Generic.HashSet`1[System.String], References = System.Collections.Generic.HashSet`1[ContextKit.Model.ContextInfo], InvokedBy = System.Collections.Generic.HashSet`1[ContextKit.Model.ContextInfo], Owns = System.Collections.Generic.HashSet`1[ContextKit.Model.ContextInfo], MethodOwnedByItSelf = False, Properties = System.Collections.Generic.HashSet`1[ContextKit.Model.ContextInfo], Dimensions = System.Collections.Generic.Dictionary`2[System.String,System.String], SpanStart = 147, SpanEnd = 1540, SymbolWrapper = , SyntaxWrapper = , NameWithClassOwnerName = CSharpSignatureBuilderFactoryExtensions }";ContextKit.Model.ContextInfo;class;public;CSharpSignatureBuilderFactoryExtensions;RoslynKit.Signature.SignatureBuilder;CSharpSignatureBuilderFactoryExtensions;CSharpSignatureBuilderFactoryExtensions;CSharpSignatureBuilderFactoryExtensions;"[roslyn, signature, build]";"";"";build;"[roslyn, signature]";[];[];[];False;[];[];147;1540;"";"";CSharpSignatureBuilderFactoryExtensions
"ContextInfo { ElementType = class, ElementVisibility = public, Identifier = CSharpSyntaxParserTypeProperty<TContext>, Namespace = RoslynKit.Phases.Syntax.Parsers, FullName = CSharpSyntaxParserTypeProperty<TContext>, Name = CSharpSyntaxParserTypeProperty, ShortName = CSharpSyntaxParserTypeProperty, Contexts = System.Collections.Generic.HashSet`1[System.String], ClassOwner = , MethodOwner = , Action = build, Domains = System.Collections.Generic.HashSet`1[System.String], References = System.Collections.Generic.HashSet`1[ContextKit.Model.ContextInfo], InvokedBy = System.Collections.Generic.HashSet`1[ContextKit.Model.ContextInfo], Owns = System.Collections.Generic.HashSet`1[ContextKit.Model.ContextInfo], MethodOwnedByItSelf = False, Properties = System.Collections.Generic.HashSet`1[ContextKit.Model.ContextInfo], Dimensions = System.Collections.Generic.Dictionary`2[System.String,System.String], SpanStart = 505, SpanEnd = 4427, SymbolWrapper = , SyntaxWrapper = , NameWithClassOwnerName = CSharpSyntaxParserTypeProperty }";ContextKit.Model.ContextInfo;class;public;CSharpSyntaxParserTypeProperty<TContext>;RoslynKit.Phases.Syntax.Parsers;CSharpSyntaxParserTypeProperty<TContext>;CSharpSyntaxParserTypeProperty;CSharpSyntaxParserTypeProperty;"[syntax, build, roslyn]";"";"";build;"[syntax, roslyn]";[];[];[];False;[];[];505;4427;"";"";CSharpSyntaxParserTypeProperty
"ContextInfo { ElementType = class, ElementVisibility = public, Identifier = CSharpSyntaxParserTypeRecord<TContext>, Namespace = RoslynKit.Phases.Syntax.Parsers, FullName = CSharpSyntaxParserTypeRecord<TContext>, Name = CSharpSyntaxParserTypeRecord, ShortName = CSharpSyntaxParserTypeRecord, Contexts = System.Collections.Generic.HashSet`1[System.String], ClassOwner = , MethodOwner = , Action = build, Domains = System.Collections.Generic.HashSet`1[System.String], References = System.Collections.Generic.HashSet`1[ContextKit.Model.ContextInfo], InvokedBy = System.Collections.Generic.HashSet`1[ContextKit.Model.ContextInfo], Owns = System.Collections.Generic.HashSet`1[ContextKit.Model.ContextInfo], MethodOwnedByItSelf = False, Properties = System.Collections.Generic.HashSet`1[ContextKit.Model.ContextInfo], Dimensions = System.Collections.Generic.Dictionary`2[System.String,System.String], SpanStart = 394, SpanEnd = 3105, SymbolWrapper = , SyntaxWrapper = , NameWithClassOwnerName = CSharpSyntaxParserTypeRecord }";ContextKit.Model.ContextInfo;class;public;CSharpSyntaxParserTypeRecord<TContext>;RoslynKit.Phases.Syntax.Parsers;CSharpSyntaxParserTypeRecord<TContext>;CSharpSyntaxParserTypeRecord;CSharpSyntaxParserTypeRecord;"[syntax, build, roslyn]";"";"";build;"[syntax, roslyn]";[];[];[];False;[];[];394;3105;"";"";CSharpSyntaxParserTypeRecord
"ContextInfo { ElementType = class, ElementVisibility = public, Identifier = CSharpSyntaxParserEnum<TContext>, Namespace = RoslynKit.Phases.Syntax.Parsers, FullName = CSharpSyntaxParserEnum<TContext>, Name = CSharpSyntaxParserEnum, ShortName = CSharpSyntaxParserEnum, Contexts = System.Collections.Generic.HashSet`1[System.String], ClassOwner = , MethodOwner = , Action = build, Domains = System.Collections.Generic.HashSet`1[System.String], References = System.Collections.Generic.HashSet`1[ContextKit.Model.ContextInfo], InvokedBy = System.Collections.Generic.HashSet`1[ContextKit.Model.ContextInfo], Owns = System.Collections.Generic.HashSet`1[ContextKit.Model.ContextInfo], MethodOwnedByItSelf = False, Properties = System.Collections.Generic.HashSet`1[ContextKit.Model.ContextInfo], Dimensions = System.Collections.Generic.Dictionary`2[System.String,System.String], SpanStart = 359, SpanEnd = 1076, SymbolWrapper = , SyntaxWrapper = , NameWithClassOwnerName = CSharpSyntaxParserEnum }";ContextKit.Model.ContextInfo;class;public;CSharpSyntaxParserEnum<TContext>;RoslynKit.Phases.Syntax.Parsers;CSharpSyntaxParserEnum<TContext>;CSharpSyntaxParserEnum;CSharpSyntaxParserEnum;"[syntax, build, roslyn]";"";"";build;"[syntax, roslyn]";[];[];[];False;[];[];359;1076;"";"";CSharpSyntaxParserEnum
"ContextInfo { ElementType = class, ElementVisibility = public, Identifier = CSharpSyntaxParserCommentTrivia<TContext>, Namespace = RoslynKit.Phases.Syntax.Parsers, FullName = CSharpSyntaxParserCommentTrivia<TContext>, Name = CSharpSyntaxParserCommentTrivia, ShortName = CSharpSyntaxParserCommentTrivia, Contexts = System.Collections.Generic.HashSet`1[System.String], ClassOwner = , MethodOwner = , Action = build, Domains = System.Collections.Generic.HashSet`1[System.String], References = System.Collections.Generic.HashSet`1[ContextKit.Model.ContextInfo], InvokedBy = System.Collections.Generic.HashSet`1[ContextKit.Model.ContextInfo], Owns = System.Collections.Generic.HashSet`1[ContextKit.Model.ContextInfo], MethodOwnedByItSelf = False, Properties = System.Collections.Generic.HashSet`1[ContextKit.Model.ContextInfo], Dimensions = System.Collections.Generic.Dictionary`2[System.String,System.String], SpanStart = 511, SpanEnd = 1688, SymbolWrapper = , SyntaxWrapper = , NameWithClassOwnerName = CSharpSyntaxParserCommentTrivia }";ContextKit.Model.ContextInfo;class;public;CSharpSyntaxParserCommentTrivia<TContext>;RoslynKit.Phases.Syntax.Parsers;CSharpSyntaxParserCommentTrivia<TContext>;CSharpSyntaxParserCommentTrivia;CSharpSyntaxParserCommentTrivia;"[syntax, build, roslyn, comment]";"";"";build;"[syntax, roslyn, comment]";[];[];[];False;[];[];511;1688;"";"";CSharpSyntaxParserCommentTrivia
"ContextInfo { ElementType = class, ElementVisibility = public, Identifier = RoslynSymbolLookupHandlerInvocation<TContext, TSemanticModel>, Namespace = RoslynKit.Lookup, FullName = RoslynSymbolLookupHandlerInvocation<TContext, TSemanticModel>, Name = RoslynSymbolLookupHandlerInvocation, ShortName = RoslynSymbolLookupHandlerInvocation, Contexts = System.Collections.Generic.HashSet`1[System.String], ClassOwner = , MethodOwner = , Action = build, Domains = System.Collections.Generic.HashSet`1[System.String], References = System.Collections.Generic.HashSet`1[ContextKit.Model.ContextInfo], InvokedBy = System.Collections.Generic.HashSet`1[ContextKit.Model.ContextInfo], Owns = System.Collections.Generic.HashSet`1[ContextKit.Model.ContextInfo], MethodOwnedByItSelf = False, Properties = System.Collections.Generic.HashSet`1[ContextKit.Model.ContextInfo], Dimensions = System.Collections.Generic.Dictionary`2[System.String,System.String], SpanStart = 619, SpanEnd = 4497, SymbolWrapper = , SyntaxWrapper = , NameWithClassOwnerName = RoslynSymbolLookupHandlerInvocation }";ContextKit.Model.ContextInfo;class;public;"RoslynSymbolLookupHandlerInvocation<TContext, TSemanticModel>";RoslynKit.Lookup;"RoslynSymbolLookupHandlerInvocation<TContext, TSemanticModel>";RoslynSymbolLookupHandlerInvocation;RoslynSymbolLookupHandlerInvocation;"[roslyn, syntax, build]";"";"";build;"[roslyn, syntax]";[];[];[];False;[];[];619;4497;"";"";RoslynSymbolLookupHandlerInvocation
"ContextInfo { ElementType = class, ElementVisibility = public, Identifier = CSharpSignatureBuilder, Namespace = RoslynKit.Signature.SignatureBuilder, FullName = CSharpSignatureBuilder, Name = CSharpSignatureBuilder, ShortName = CSharpSignatureBuilder, Contexts = System.Collections.Generic.HashSet`1[System.String], ClassOwner = , MethodOwner = , Action = build, Domains = System.Collections.Generic.HashSet`1[System.String], References = System.Collections.Generic.HashSet`1[ContextKit.Model.ContextInfo], InvokedBy = System.Collections.Generic.HashSet`1[ContextKit.Model.ContextInfo], Owns = System.Collections.Generic.HashSet`1[ContextKit.Model.ContextInfo], MethodOwnedByItSelf = False, Properties = System.Collections.Generic.HashSet`1[ContextKit.Model.ContextInfo], Dimensions = System.Collections.Generic.Dictionary`2[System.String,System.String], SpanStart = 158, SpanEnd = 779, SymbolWrapper = , SyntaxWrapper = , NameWithClassOwnerName = CSharpSignatureBuilder }";ContextKit.Model.ContextInfo;class;public;CSharpSignatureBuilder;RoslynKit.Signature.SignatureBuilder;CSharpSignatureBuilder;CSharpSignatureBuilder;CSharpSignatureBuilder;"[roslyn, signature, build]";"";"";build;"[roslyn, signature]";[];[];[];False;[];[];158;779;"";"";CSharpSignatureBuilder
"ContextInfo { ElementType = class, ElementVisibility = public, Identifier = RoslynCompilationWrapper, Namespace = RoslynKit.Wrappers.Meta, FullName = RoslynCompilationWrapper, Name = RoslynCompilationWrapper, ShortName = RoslynCompilationWrapper, Contexts = System.Collections.Generic.HashSet`1[System.String], ClassOwner = , MethodOwner = , Action = build, Domains = System.Collections.Generic.HashSet`1[System.String], References = System.Collections.Generic.HashSet`1[ContextKit.Model.ContextInfo], InvokedBy = System.Collections.Generic.HashSet`1[ContextKit.Model.ContextInfo], Owns = System.Collections.Generic.HashSet`1[ContextKit.Model.ContextInfo], MethodOwnedByItSelf = False, Properties = System.Collections.Generic.HashSet`1[ContextKit.Model.ContextInfo], Dimensions = System.Collections.Generic.Dictionary`2[System.String,System.String], SpanStart = 226, SpanEnd = 1003, SymbolWrapper = , SyntaxWrapper = , NameWithClassOwnerName = RoslynCompilationWrapper }";ContextKit.Model.ContextInfo;class;public;RoslynCompilationWrapper;RoslynKit.Wrappers.Meta;RoslynCompilationWrapper;RoslynCompilationWrapper;RoslynCompilationWrapper;"[roslyn, compilation, build]";"";"";build;"[roslyn, compilation]";[];[];[];False;[];[];226;1003;"";"";RoslynCompilationWrapper
"ContextInfo { ElementType = class, ElementVisibility = public, Identifier = CSharpSignatureBuilderDefault, Namespace = RoslynKit.Signature.SignatureBuilder, FullName = CSharpSignatureBuilderDefault, Name = CSharpSignatureBuilderDefault, ShortName = CSharpSignatureBuilderDefault, Contexts = System.Collections.Generic.HashSet`1[System.String], ClassOwner = , MethodOwner = , Action = build, Domains = System.Collections.Generic.HashSet`1[System.String], References = System.Collections.Generic.HashSet`1[ContextKit.Model.ContextInfo], InvokedBy = System.Collections.Generic.HashSet`1[ContextKit.Model.ContextInfo], Owns = System.Collections.Generic.HashSet`1[ContextKit.Model.ContextInfo], MethodOwnedByItSelf = False, Properties = System.Collections.Generic.HashSet`1[ContextKit.Model.ContextInfo], Dimensions = System.Collections.Generic.Dictionary`2[System.String,System.String], SpanStart = 158, SpanEnd = 695, SymbolWrapper = , SyntaxWrapper = , NameWithClassOwnerName = CSharpSignatureBuilderDefault }";ContextKit.Model.ContextInfo;class;public;CSharpSignatureBuilderDefault;RoslynKit.Signature.SignatureBuilder;CSharpSignatureBuilderDefault;CSharpSignatureBuilderDefault;CSharpSignatureBuilderDefault;"[roslyn, signature, build]";"";"";build;"[roslyn, signature]";[];[];[];False;[];[];158;695;"";"";CSharpSignatureBuilderDefault
"ContextInfo { ElementType = class, ElementVisibility = public, Identifier = CSharpSyntaxParserInterface<TContext>, Namespace = RoslynKit.Phases.Syntax.Parsers, FullName = CSharpSyntaxParserInterface<TContext>, Name = CSharpSyntaxParserInterface, ShortName = CSharpSyntaxParserInterface, Contexts = System.Collections.Generic.HashSet`1[System.String], ClassOwner = , MethodOwner = , Action = build, Domains = System.Collections.Generic.HashSet`1[System.String], References = System.Collections.Generic.HashSet`1[ContextKit.Model.ContextInfo], InvokedBy = System.Collections.Generic.HashSet`1[ContextKit.Model.ContextInfo], Owns = System.Collections.Generic.HashSet`1[ContextKit.Model.ContextInfo], MethodOwnedByItSelf = False, Properties = System.Collections.Generic.HashSet`1[ContextKit.Model.ContextInfo], Dimensions = System.Collections.Generic.Dictionary`2[System.String,System.String], SpanStart = 410, SpanEnd = 3248, SymbolWrapper = , SyntaxWrapper = , NameWithClassOwnerName = CSharpSyntaxParserInterface }";ContextKit.Model.ContextInfo;class;public;CSharpSyntaxParserInterface<TContext>;RoslynKit.Phases.Syntax.Parsers;CSharpSyntaxParserInterface<TContext>;CSharpSyntaxParserInterface;CSharpSyntaxParserInterface;"[syntax, build, roslyn]";"";"";build;"[syntax, roslyn]";[];[];[];False;[];[];410;3248;"";"";CSharpSyntaxParserInterface
"ContextInfo { ElementType = class, ElementVisibility = public, Identifier = SemanticModelStorage<TSyntaxTreeWrapper>, Namespace = SemanticKit.Model, FullName = SemanticModelStorage<TSyntaxTreeWrapper>, Name = SemanticModelStorage, ShortName = SemanticModelStorage, Contexts = System.Collections.Generic.HashSet`1[System.String], ClassOwner = , MethodOwner = , Action = read;create;update;delete, Domains = System.Collections.Generic.HashSet`1[System.String], References = System.Collections.Generic.HashSet`1[ContextKit.Model.ContextInfo], InvokedBy = System.Collections.Generic.HashSet`1[ContextKit.Model.ContextInfo], Owns = System.Collections.Generic.HashSet`1[ContextKit.Model.ContextInfo], MethodOwnedByItSelf = False, Properties = System.Collections.Generic.HashSet`1[ContextKit.Model.ContextInfo], Dimensions = System.Collections.Generic.Dictionary`2[System.String,System.String], SpanStart = 254, SpanEnd = 2511, SymbolWrapper = , SyntaxWrapper = , NameWithClassOwnerName = SemanticModelStorage }";ContextKit.Model.ContextInfo;class;public;SemanticModelStorage<TSyntaxTreeWrapper>;SemanticKit.Model;SemanticModelStorage<TSyntaxTreeWrapper>;SemanticModelStorage;SemanticModelStorage;"[roslyn, read, create, update, delete]";"";"";"read;create;update;delete";[roslyn];[];[];[];False;[];[];254;2511;"";"";SemanticModelStorage
"ContextInfo { ElementType = class, ElementVisibility = public, Identifier = ItemWalker, Namespace = GraphKit.Walkers, FullName = ItemWalker, Name = ItemWalker, ShortName = ItemWalker, Contexts = System.Collections.Generic.HashSet`1[System.String], ClassOwner = , MethodOwner = , Action = build, Domains = System.Collections.Generic.HashSet`1[System.String], References = System.Collections.Generic.HashSet`1[ContextKit.Model.ContextInfo], InvokedBy = System.Collections.Generic.HashSet`1[ContextKit.Model.ContextInfo], Owns = System.Collections.Generic.HashSet`1[ContextKit.Model.ContextInfo], MethodOwnedByItSelf = False, Properties = System.Collections.Generic.HashSet`1[ContextKit.Model.ContextInfo], Dimensions = System.Collections.Generic.Dictionary`2[System.String,System.String], SpanStart = 219, SpanEnd = 2636, SymbolWrapper = , SyntaxWrapper = , NameWithClassOwnerName = ItemWalker }";ContextKit.Model.ContextInfo;class;public;ItemWalker;GraphKit.Walkers;ItemWalker;ItemWalker;ItemWalker;"[build, walker, graph]";"";"";build;"[walker, graph]";[];[];[];False;[];[];219;2636;"";"";ItemWalker
"ContextInfo { ElementType = class, ElementVisibility = public, Identifier = Walker<T>, Namespace = GraphKit.Walkers, FullName = Walker<T>, Name = Walker, ShortName = Walker, Contexts = System.Collections.Generic.HashSet`1[System.String], ClassOwner = , MethodOwner = , Action = build, Domains = System.Collections.Generic.HashSet`1[System.String], References = System.Collections.Generic.HashSet`1[ContextKit.Model.ContextInfo], InvokedBy = System.Collections.Generic.HashSet`1[ContextKit.Model.ContextInfo], Owns = System.Collections.Generic.HashSet`1[ContextKit.Model.ContextInfo], MethodOwnedByItSelf = False, Properties = System.Collections.Generic.HashSet`1[ContextKit.Model.ContextInfo], Dimensions = System.Collections.Generic.Dictionary`2[System.String,System.String], SpanStart = 239, SpanEnd = 1214, SymbolWrapper = , SyntaxWrapper = , NameWithClassOwnerName = Walker }";ContextKit.Model.ContextInfo;class;public;Walker<T>;GraphKit.Walkers;Walker<T>;Walker;Walker;"[build, walker, graph]";"";"";build;"[walker, graph]";[];[];[];False;[];[];239;1214;"";"";Walker
"ContextInfo { ElementType = class, ElementVisibility = public, Identifier = DomainWalker, Namespace = GraphKit.Walkers, FullName = DomainWalker, Name = DomainWalker, ShortName = DomainWalker, Contexts = System.Collections.Generic.HashSet`1[System.String], ClassOwner = , MethodOwner = , Action = build, Domains = System.Collections.Generic.HashSet`1[System.String], References = System.Collections.Generic.HashSet`1[ContextKit.Model.ContextInfo], InvokedBy = System.Collections.Generic.HashSet`1[ContextKit.Model.ContextInfo], Owns = System.Collections.Generic.HashSet`1[ContextKit.Model.ContextInfo], MethodOwnedByItSelf = False, Properties = System.Collections.Generic.HashSet`1[ContextKit.Model.ContextInfo], Dimensions = System.Collections.Generic.Dictionary`2[System.String,System.String], SpanStart = 239, SpanEnd = 847, SymbolWrapper = , SyntaxWrapper = , NameWithClassOwnerName = DomainWalker }";ContextKit.Model.ContextInfo;class;public;DomainWalker;GraphKit.Walkers;DomainWalker;DomainWalker;DomainWalker;"[build, walker, graph]";"";"";build;"[walker, graph]";[];[];[];False;[];[];239;847;"";"";DomainWalker
"ContextInfo { ElementType = class, ElementVisibility = public, Identifier = DfsWalker_Traversal, Namespace = GraphKit.Walkers, FullName = DfsWalker_Traversal, Name = DfsWalker_Traversal, ShortName = DfsWalker_Traversal, Contexts = System.Collections.Generic.HashSet`1[System.String], ClassOwner = , MethodOwner = , Action = build, Domains = System.Collections.Generic.HashSet`1[System.String], References = System.Collections.Generic.HashSet`1[ContextKit.Model.ContextInfo], InvokedBy = System.Collections.Generic.HashSet`1[ContextKit.Model.ContextInfo], Owns = System.Collections.Generic.HashSet`1[ContextKit.Model.ContextInfo], MethodOwnedByItSelf = False, Properties = System.Collections.Generic.HashSet`1[ContextKit.Model.ContextInfo], Dimensions = System.Collections.Generic.Dictionary`2[System.String,System.String], SpanStart = 2228, SpanEnd = 4450, SymbolWrapper = , SyntaxWrapper = , NameWithClassOwnerName = DfsWalker_Traversal }";ContextKit.Model.ContextInfo;class;public;DfsWalker_Traversal;GraphKit.Walkers;DfsWalker_Traversal;DfsWalker_Traversal;DfsWalker_Traversal;"[build, node, graph]";"";"";build;"[node, graph]";[];[];[];False;[];[];2228;4450;"";"";DfsWalker_Traversal
"ContextInfo { ElementType = class, ElementVisibility = public, Identifier = InvocationFileParserWrapper, Namespace = SemanticKit.Parsers.Strategy.Invocation, FullName = InvocationFileParserWrapper, Name = InvocationFileParserWrapper, ShortName = InvocationFileParserWrapper, Contexts = System.Collections.Generic.HashSet`1[System.String], ClassOwner = , MethodOwner = , Action = read, Domains = System.Collections.Generic.HashSet`1[System.String], References = System.Collections.Generic.HashSet`1[ContextKit.Model.ContextInfo], InvokedBy = System.Collections.Generic.HashSet`1[ContextKit.Model.ContextInfo], Owns = System.Collections.Generic.HashSet`1[ContextKit.Model.ContextInfo], MethodOwnedByItSelf = False, Properties = System.Collections.Generic.HashSet`1[ContextKit.Model.ContextInfo], Dimensions = System.Collections.Generic.Dictionary`2[System.String,System.String], SpanStart = 287, SpanEnd = 1013, SymbolWrapper = , SyntaxWrapper = , NameWithClassOwnerName = InvocationFileParserWrapper }";ContextKit.Model.ContextInfo;class;public;InvocationFileParserWrapper;SemanticKit.Parsers.Strategy.Invocation;InvocationFileParserWrapper;InvocationFileParserWrapper;InvocationFileParserWrapper;"[file, directory, contextinfo, read]";"";"";read;"[file, directory, contextinfo, syntax]";[];[];[];False;[];[];287;1013;"";"";InvocationFileParserWrapper
"ContextInfo { ElementType = class, ElementVisibility = public, Identifier = FileParserPipeline, Namespace = SemanticKit.Parsers.File, FullName = FileParserPipeline, Name = FileParserPipeline, ShortName = FileParserPipeline, Contexts = System.Collections.Generic.HashSet`1[System.String], ClassOwner = , MethodOwner = , Action = read, Domains = System.Collections.Generic.HashSet`1[System.String], References = System.Collections.Generic.HashSet`1[ContextKit.Model.ContextInfo], InvokedBy = System.Collections.Generic.HashSet`1[ContextKit.Model.ContextInfo], Owns = System.Collections.Generic.HashSet`1[ContextKit.Model.ContextInfo], MethodOwnedByItSelf = False, Properties = System.Collections.Generic.HashSet`1[ContextKit.Model.ContextInfo], Dimensions = System.Collections.Generic.Dictionary`2[System.String,System.String], SpanStart = 259, SpanEnd = 1200, SymbolWrapper = , SyntaxWrapper = , NameWithClassOwnerName = FileParserPipeline }";ContextKit.Model.ContextInfo;class;public;FileParserPipeline;SemanticKit.Parsers.File;FileParserPipeline;FileParserPipeline;FileParserPipeline;"[file, directory, contextinfo, read]";"";"";read;"[file, directory, contextinfo, compilationflow]";[];[];[];False;[];[];259;1200;"";"";FileParserPipeline
"ContextInfo { ElementType = class, ElementVisibility = public, Identifier = DeclarationFileParserWrapper, Namespace = SemanticKit.Parsers.Strategy.Declaration, FullName = DeclarationFileParserWrapper, Name = DeclarationFileParserWrapper, ShortName = DeclarationFileParserWrapper, Contexts = System.Collections.Generic.HashSet`1[System.String], ClassOwner = , MethodOwner = , Action = read, Domains = System.Collections.Generic.HashSet`1[System.String], References = System.Collections.Generic.HashSet`1[ContextKit.Model.ContextInfo], InvokedBy = System.Collections.Generic.HashSet`1[ContextKit.Model.ContextInfo], Owns = System.Collections.Generic.HashSet`1[ContextKit.Model.ContextInfo], MethodOwnedByItSelf = False, Properties = System.Collections.Generic.HashSet`1[ContextKit.Model.ContextInfo], Dimensions = System.Collections.Generic.Dictionary`2[System.String,System.String], SpanStart = 314, SpanEnd = 1070, SymbolWrapper = , SyntaxWrapper = , NameWithClassOwnerName = DeclarationFileParserWrapper }";ContextKit.Model.ContextInfo;class;public;DeclarationFileParserWrapper;SemanticKit.Parsers.Strategy.Declaration;DeclarationFileParserWrapper;DeclarationFileParserWrapper;DeclarationFileParserWrapper;"[file, directory, contextinfo, read]";"";"";read;"[file, directory, contextinfo, compilationflow]";[];[];[];False;[];[];314;1070;"";"";DeclarationFileParserWrapper
"ContextInfo { ElementType = interface, ElementVisibility = public, Identifier = ILogWriter, Namespace = LoggerKit, FullName = ILogWriter, Name = ILogWriter, ShortName = ILogWriter, Contexts = System.Collections.Generic.HashSet`1[System.String], ClassOwner = , MethodOwner = , Action = share, Domains = System.Collections.Generic.HashSet`1[System.String], References = System.Collections.Generic.HashSet`1[ContextKit.Model.ContextInfo], InvokedBy = System.Collections.Generic.HashSet`1[ContextKit.Model.ContextInfo], Owns = System.Collections.Generic.HashSet`1[ContextKit.Model.ContextInfo], MethodOwnedByItSelf = False, Properties = System.Collections.Generic.HashSet`1[ContextKit.Model.ContextInfo], Dimensions = System.Collections.Generic.Dictionary`2[System.String,System.String], SpanStart = 48, SpanEnd = 142, SymbolWrapper = , SyntaxWrapper = , NameWithClassOwnerName = ILogWriter }";ContextKit.Model.ContextInfo;interface;public;ILogWriter;LoggerKit;ILogWriter;ILogWriter;ILogWriter;"[log, update, share]";"";"";share;[log];[];[];[];False;[];[];48;142;"";"";ILogWriter
"ContextInfo { ElementType = class, ElementVisibility = public, Identifier = BrokenOrchestra, Namespace = ContextSamples.ContextSamples.S5, FullName = BrokenOrchestra, Name = BrokenOrchestra, ShortName = BrokenOrchestra, Contexts = System.Collections.Generic.HashSet`1[System.String], ClassOwner = , MethodOwner = , Action = create;build, Domains = System.Collections.Generic.HashSet`1[System.String], References = System.Collections.Generic.HashSet`1[ContextKit.Model.ContextInfo], InvokedBy = System.Collections.Generic.HashSet`1[ContextKit.Model.ContextInfo], Owns = System.Collections.Generic.HashSet`1[ContextKit.Model.ContextInfo], MethodOwnedByItSelf = False, Properties = System.Collections.Generic.HashSet`1[ContextKit.Model.ContextInfo], Dimensions = System.Collections.Generic.Dictionary`2[System.String,System.String], SpanStart = 97, SpanEnd = 613, SymbolWrapper = , SyntaxWrapper = , NameWithClassOwnerName = BrokenOrchestra }";ContextKit.Model.ContextInfo;class;public;BrokenOrchestra;ContextSamples.ContextSamples.S5;BrokenOrchestra;BrokenOrchestra;BrokenOrchestra;"[create, build, s5.1]";"";"";"create;build";[s5.1];[];[];[];False;[];[];97;613;"";"";BrokenOrchestra
"ContextInfo { ElementType = class, ElementVisibility = public, Identifier = UmlDiagramCompilerClassMethodsList, Namespace = ExporterKit.Uml.DiagramCompiler.CoCompiler.Class, FullName = UmlDiagramCompilerClassMethodsList, Name = UmlDiagramCompilerClassMethodsList, ShortName = UmlDiagramCompilerClassMethodsList, Contexts = System.Collections.Generic.HashSet`1[System.String], ClassOwner = , MethodOwner = , Action = build, Domains = System.Collections.Generic.HashSet`1[System.String], References = System.Collections.Generic.HashSet`1[ContextKit.Model.ContextInfo], InvokedBy = System.Collections.Generic.HashSet`1[ContextKit.Model.ContextInfo], Owns = System.Collections.Generic.HashSet`1[ContextKit.Model.ContextInfo], MethodOwnedByItSelf = False, Properties = System.Collections.Generic.HashSet`1[ContextKit.Model.ContextInfo], Dimensions = System.Collections.Generic.Dictionary`2[System.String,System.String], SpanStart = 601, SpanEnd = 2849, SymbolWrapper = , SyntaxWrapper = , NameWithClassOwnerName = UmlDiagramCompilerClassMethodsList }";ContextKit.Model.ContextInfo;class;public;UmlDiagramCompilerClassMethodsList;ExporterKit.Uml.DiagramCompiler.CoCompiler.Class;UmlDiagramCompilerClassMethodsList;UmlDiagramCompilerClassMethodsList;UmlDiagramCompilerClassMethodsList;"[uml, links, build]";"";"";build;"[uml, links]";[];[];[];False;[];[];601;2849;"";"";UmlDiagramCompilerClassMethodsList
"ContextInfo { ElementType = class, ElementVisibility = public, Identifier = CompositeUmlDiagramCompilerSequenceAction, Namespace = ExporterKit.Uml.DiagramCompiler.CoCompiler, FullName = CompositeUmlDiagramCompilerSequenceAction, Name = CompositeUmlDiagramCompilerSequenceAction, ShortName = CompositeUmlDiagramCompilerSequenceAction, Contexts = System.Collections.Generic.HashSet`1[System.String], ClassOwner = , MethodOwner = , Action = build, Domains = System.Collections.Generic.HashSet`1[System.String], References = System.Collections.Generic.HashSet`1[ContextKit.Model.ContextInfo], InvokedBy = System.Collections.Generic.HashSet`1[ContextKit.Model.ContextInfo], Owns = System.Collections.Generic.HashSet`1[ContextKit.Model.ContextInfo], MethodOwnedByItSelf = False, Properties = System.Collections.Generic.HashSet`1[ContextKit.Model.ContextInfo], Dimensions = System.Collections.Generic.Dictionary`2[System.String,System.String], SpanStart = 917, SpanEnd = 4988, SymbolWrapper = , SyntaxWrapper = , NameWithClassOwnerName = CompositeUmlDiagramCompilerSequenceAction }";ContextKit.Model.ContextInfo;class;public;CompositeUmlDiagramCompilerSequenceAction;ExporterKit.Uml.DiagramCompiler.CoCompiler;CompositeUmlDiagramCompilerSequenceAction;CompositeUmlDiagramCompilerSequenceAction;CompositeUmlDiagramCompilerSequenceAction;"[uml, sequence, build]";"";"";build;"[uml, sequence]";[];[];[];False;[];[];917;4988;"";"";CompositeUmlDiagramCompilerSequenceAction
"ContextInfo { ElementType = class, ElementVisibility = public, Identifier = CompositeUmlDiagramCompilerStateDomain, Namespace = ExporterKit.Uml.DiagramCompiler.CoCompiler, FullName = CompositeUmlDiagramCompilerStateDomain, Name = CompositeUmlDiagramCompilerStateDomain, ShortName = CompositeUmlDiagramCompilerStateDomain, Contexts = System.Collections.Generic.HashSet`1[System.String], ClassOwner = , MethodOwner = , Action = build, Domains = System.Collections.Generic.HashSet`1[System.String], References = System.Collections.Generic.HashSet`1[ContextKit.Model.ContextInfo], InvokedBy = System.Collections.Generic.HashSet`1[ContextKit.Model.ContextInfo], Owns = System.Collections.Generic.HashSet`1[ContextKit.Model.ContextInfo], MethodOwnedByItSelf = False, Properties = System.Collections.Generic.HashSet`1[ContextKit.Model.ContextInfo], Dimensions = System.Collections.Generic.Dictionary`2[System.String,System.String], SpanStart = 1021, SpanEnd = 5033, SymbolWrapper = , SyntaxWrapper = , NameWithClassOwnerName = CompositeUmlDiagramCompilerStateDomain }";ContextKit.Model.ContextInfo;class;public;CompositeUmlDiagramCompilerStateDomain;ExporterKit.Uml.DiagramCompiler.CoCompiler;CompositeUmlDiagramCompilerStateDomain;CompositeUmlDiagramCompilerStateDomain;CompositeUmlDiagramCompilerStateDomain;"[uml, state, build]";"";"";build;"[uml, state]";[];[];[];False;[];[];1021;5033;"";"";CompositeUmlDiagramCompilerStateDomain
"ContextInfo { ElementType = class, ElementVisibility = public, Identifier = UmlDiagramCompilerClassRelation, Namespace = ExporterKit.Uml.DiagramCompiler.CoCompiler.Class, FullName = UmlDiagramCompilerClassRelation, Name = UmlDiagramCompilerClassRelation, ShortName = UmlDiagramCompilerClassRelation, Contexts = System.Collections.Generic.HashSet`1[System.String], ClassOwner = , MethodOwner = , Action = build, Domains = System.Collections.Generic.HashSet`1[System.String], References = System.Collections.Generic.HashSet`1[ContextKit.Model.ContextInfo], InvokedBy = System.Collections.Generic.HashSet`1[ContextKit.Model.ContextInfo], Owns = System.Collections.Generic.HashSet`1[ContextKit.Model.ContextInfo], MethodOwnedByItSelf = False, Properties = System.Collections.Generic.HashSet`1[ContextKit.Model.ContextInfo], Dimensions = System.Collections.Generic.Dictionary`2[System.String,System.String], SpanStart = 601, SpanEnd = 3365, SymbolWrapper = , SyntaxWrapper = , NameWithClassOwnerName = UmlDiagramCompilerClassRelation }";ContextKit.Model.ContextInfo;class;public;UmlDiagramCompilerClassRelation;ExporterKit.Uml.DiagramCompiler.CoCompiler.Class;UmlDiagramCompilerClassRelation;UmlDiagramCompilerClassRelation;UmlDiagramCompilerClassRelation;"[uml, links, build]";"";"";build;"[uml, links]";[];[];[];False;[];[];601;3365;"";"";UmlDiagramCompilerClassRelation
"ContextInfo { ElementType = class, ElementVisibility = public, Identifier = CompositeUmlDiagramCompilerSequenceDomain, Namespace = ExporterKit.Uml.DiagramCompiler.CoCompiler, FullName = CompositeUmlDiagramCompilerSequenceDomain, Name = CompositeUmlDiagramCompilerSequenceDomain, ShortName = CompositeUmlDiagramCompilerSequenceDomain, Contexts = System.Collections.Generic.HashSet`1[System.String], ClassOwner = , MethodOwner = , Action = build, Domains = System.Collections.Generic.HashSet`1[System.String], References = System.Collections.Generic.HashSet`1[ContextKit.Model.ContextInfo], InvokedBy = System.Collections.Generic.HashSet`1[ContextKit.Model.ContextInfo], Owns = System.Collections.Generic.HashSet`1[ContextKit.Model.ContextInfo], MethodOwnedByItSelf = False, Properties = System.Collections.Generic.HashSet`1[ContextKit.Model.ContextInfo], Dimensions = System.Collections.Generic.Dictionary`2[System.String,System.String], SpanStart = 917, SpanEnd = 4765, SymbolWrapper = , SyntaxWrapper = , NameWithClassOwnerName = CompositeUmlDiagramCompilerSequenceDomain }";ContextKit.Model.ContextInfo;class;public;CompositeUmlDiagramCompilerSequenceDomain;ExporterKit.Uml.DiagramCompiler.CoCompiler;CompositeUmlDiagramCompilerSequenceDomain;CompositeUmlDiagramCompilerSequenceDomain;CompositeUmlDiagramCompilerSequenceDomain;"[uml, sequence, build]";"";"";build;"[uml, sequence]";[];[];[];False;[];[];917;4765;"";"";CompositeUmlDiagramCompilerSequenceDomain
"ContextInfo { ElementType = class, ElementVisibility = public, Identifier = CompositeUmlDiagramCompilerStateAction, Namespace = ExporterKit.Uml.DiagramCompiler.CoCompiler, FullName = CompositeUmlDiagramCompilerStateAction, Name = CompositeUmlDiagramCompilerStateAction, ShortName = CompositeUmlDiagramCompilerStateAction, Contexts = System.Collections.Generic.HashSet`1[System.String], ClassOwner = , MethodOwner = , Action = build, Domains = System.Collections.Generic.HashSet`1[System.String], References = System.Collections.Generic.HashSet`1[ContextKit.Model.ContextInfo], InvokedBy = System.Collections.Generic.HashSet`1[ContextKit.Model.ContextInfo], Owns = System.Collections.Generic.HashSet`1[ContextKit.Model.ContextInfo], MethodOwnedByItSelf = False, Properties = System.Collections.Generic.HashSet`1[ContextKit.Model.ContextInfo], Dimensions = System.Collections.Generic.Dictionary`2[System.String,System.String], SpanStart = 1021, SpanEnd = 4861, SymbolWrapper = , SyntaxWrapper = , NameWithClassOwnerName = CompositeUmlDiagramCompilerStateAction }";ContextKit.Model.ContextInfo;class;public;CompositeUmlDiagramCompilerStateAction;ExporterKit.Uml.DiagramCompiler.CoCompiler;CompositeUmlDiagramCompilerStateAction;CompositeUmlDiagramCompilerStateAction;CompositeUmlDiagramCompilerStateAction;"[uml, state, build]";"";"";build;"[uml, state]";[];[];[];False;[];[];1021;4861;"";"";CompositeUmlDiagramCompilerStateAction
"ContextInfo { ElementType = class, ElementVisibility = public, Identifier = DirectoryUtils, Namespace = ContextBrowserKit.Extensions, FullName = DirectoryUtils, Name = DirectoryUtils, ShortName = DirectoryUtils, Contexts = System.Collections.Generic.HashSet`1[System.String], ClassOwner = , MethodOwner = , Action = read;delete;create, Domains = System.Collections.Generic.HashSet`1[System.String], References = System.Collections.Generic.HashSet`1[ContextKit.Model.ContextInfo], InvokedBy = System.Collections.Generic.HashSet`1[ContextKit.Model.ContextInfo], Owns = System.Collections.Generic.HashSet`1[ContextKit.Model.ContextInfo], MethodOwnedByItSelf = False, Properties = System.Collections.Generic.HashSet`1[ContextKit.Model.ContextInfo], Dimensions = System.Collections.Generic.Dictionary`2[System.String,System.String], SpanStart = 115, SpanEnd = 496, SymbolWrapper = , SyntaxWrapper = , NameWithClassOwnerName = DirectoryUtils }";ContextKit.Model.ContextInfo;class;public;DirectoryUtils;ContextBrowserKit.Extensions;DirectoryUtils;DirectoryUtils;DirectoryUtils;"[file, read, delete, create]";"";"";"read;delete;create";[file];[];[];[];False;[];[];115;496;"";"";DirectoryUtils
"ContextInfo { ElementType = class, ElementVisibility = public, Identifier = CSharpSyntaxNodeWrapperInterface, Namespace = RoslynKit.Phases.ContextInfoBuilder.SyntaxNodeWrapper, FullName = CSharpSyntaxNodeWrapperInterface, Name = CSharpSyntaxNodeWrapperInterface, ShortName = CSharpSyntaxNodeWrapperInterface, Contexts = System.Collections.Generic.HashSet`1[System.String], ClassOwner = , MethodOwner = , Action = model, Domains = System.Collections.Generic.HashSet`1[System.String], References = System.Collections.Generic.HashSet`1[ContextKit.Model.ContextInfo], InvokedBy = System.Collections.Generic.HashSet`1[ContextKit.Model.ContextInfo], Owns = System.Collections.Generic.HashSet`1[ContextKit.Model.ContextInfo], MethodOwnedByItSelf = False, Properties = System.Collections.Generic.HashSet`1[ContextKit.Model.ContextInfo], Dimensions = System.Collections.Generic.Dictionary`2[System.String,System.String], SpanStart = 208, SpanEnd = 806, SymbolWrapper = , SyntaxWrapper = , NameWithClassOwnerName = CSharpSyntaxNodeWrapperInterface }";ContextKit.Model.ContextInfo;class;public;CSharpSyntaxNodeWrapperInterface;RoslynKit.Phases.ContextInfoBuilder.SyntaxNodeWrapper;CSharpSyntaxNodeWrapperInterface;CSharpSyntaxNodeWrapperInterface;CSharpSyntaxNodeWrapperInterface;"[syntax, model, roslyn, symbol]";"";"";model;"[syntax, roslyn, symbol]";[];[];[];False;[];[];208;806;"";"";CSharpSyntaxNodeWrapperInterface
"ContextInfo { ElementType = class, ElementVisibility = public, Identifier = CSharpSyntaxNodeWrapper<S>, Namespace = RoslynKit.Phases.ContextInfoBuilder.SyntaxNodeWrapper, FullName = CSharpSyntaxNodeWrapper<S>, Name = CSharpSyntaxNodeWrapper, ShortName = CSharpSyntaxNodeWrapper, Contexts = System.Collections.Generic.HashSet`1[System.String], ClassOwner = , MethodOwner = , Action = model, Domains = System.Collections.Generic.HashSet`1[System.String], References = System.Collections.Generic.HashSet`1[ContextKit.Model.ContextInfo], InvokedBy = System.Collections.Generic.HashSet`1[ContextKit.Model.ContextInfo], Owns = System.Collections.Generic.HashSet`1[ContextKit.Model.ContextInfo], MethodOwnedByItSelf = False, Properties = System.Collections.Generic.HashSet`1[ContextKit.Model.ContextInfo], Dimensions = System.Collections.Generic.Dictionary`2[System.String,System.String], SpanStart = 196, SpanEnd = 1423, SymbolWrapper = , SyntaxWrapper = , NameWithClassOwnerName = CSharpSyntaxNodeWrapper }";ContextKit.Model.ContextInfo;class;public;CSharpSyntaxNodeWrapper<S>;RoslynKit.Phases.ContextInfoBuilder.SyntaxNodeWrapper;CSharpSyntaxNodeWrapper<S>;CSharpSyntaxNodeWrapper;CSharpSyntaxNodeWrapper;"[syntax, model, roslyn]";"";"";model;"[syntax, roslyn]";[];[];[];False;[];[];196;1423;"";"";CSharpSyntaxNodeWrapper
"ContextInfo { ElementType = class, ElementVisibility = public, Identifier = CSharpSyntaxNodeWrapperType, Namespace = RoslynKit.Phases.ContextInfoBuilder.SyntaxNodeWrapper, FullName = CSharpSyntaxNodeWrapperType, Name = CSharpSyntaxNodeWrapperType, ShortName = CSharpSyntaxNodeWrapperType, Contexts = System.Collections.Generic.HashSet`1[System.String], ClassOwner = , MethodOwner = , Action = model, Domains = System.Collections.Generic.HashSet`1[System.String], References = System.Collections.Generic.HashSet`1[ContextKit.Model.ContextInfo], InvokedBy = System.Collections.Generic.HashSet`1[ContextKit.Model.ContextInfo], Owns = System.Collections.Generic.HashSet`1[ContextKit.Model.ContextInfo], MethodOwnedByItSelf = False, Properties = System.Collections.Generic.HashSet`1[ContextKit.Model.ContextInfo], Dimensions = System.Collections.Generic.Dictionary`2[System.String,System.String], SpanStart = 208, SpanEnd = 764, SymbolWrapper = , SyntaxWrapper = , NameWithClassOwnerName = CSharpSyntaxNodeWrapperType }";ContextKit.Model.ContextInfo;class;public;CSharpSyntaxNodeWrapperType;RoslynKit.Phases.ContextInfoBuilder.SyntaxNodeWrapper;CSharpSyntaxNodeWrapperType;CSharpSyntaxNodeWrapperType;CSharpSyntaxNodeWrapperType;"[syntax, model, roslyn, symbol]";"";"";model;"[syntax, roslyn, symbol]";[];[];[];False;[];[];208;764;"";"";CSharpSyntaxNodeWrapperType
"ContextInfo { ElementType = class, ElementVisibility = public, Identifier = CSharpSyntaxNodeWrapperProperty, Namespace = RoslynKit.Phases.ContextInfoBuilder.SyntaxNodeWrapper, FullName = CSharpSyntaxNodeWrapperProperty, Name = CSharpSyntaxNodeWrapperProperty, ShortName = CSharpSyntaxNodeWrapperProperty, Contexts = System.Collections.Generic.HashSet`1[System.String], ClassOwner = , MethodOwner = , Action = model, Domains = System.Collections.Generic.HashSet`1[System.String], References = System.Collections.Generic.HashSet`1[ContextKit.Model.ContextInfo], InvokedBy = System.Collections.Generic.HashSet`1[ContextKit.Model.ContextInfo], Owns = System.Collections.Generic.HashSet`1[ContextKit.Model.ContextInfo], MethodOwnedByItSelf = False, Properties = System.Collections.Generic.HashSet`1[ContextKit.Model.ContextInfo], Dimensions = System.Collections.Generic.Dictionary`2[System.String,System.String], SpanStart = 208, SpanEnd = 802, SymbolWrapper = , SyntaxWrapper = , NameWithClassOwnerName = CSharpSyntaxNodeWrapperProperty }";ContextKit.Model.ContextInfo;class;public;CSharpSyntaxNodeWrapperProperty;RoslynKit.Phases.ContextInfoBuilder.SyntaxNodeWrapper;CSharpSyntaxNodeWrapperProperty;CSharpSyntaxNodeWrapperProperty;CSharpSyntaxNodeWrapperProperty;"[syntax, model, roslyn, symbol]";"";"";model;"[syntax, roslyn, symbol]";[];[];[];False;[];[];208;802;"";"";CSharpSyntaxNodeWrapperProperty
"ContextInfo { ElementType = class, ElementVisibility = public, Identifier = CSharpSyntaxNodeWrapperEnum, Namespace = RoslynKit.Phases.ContextInfoBuilder.SyntaxNodeWrapper, FullName = CSharpSyntaxNodeWrapperEnum, Name = CSharpSyntaxNodeWrapperEnum, ShortName = CSharpSyntaxNodeWrapperEnum, Contexts = System.Collections.Generic.HashSet`1[System.String], ClassOwner = , MethodOwner = , Action = model, Domains = System.Collections.Generic.HashSet`1[System.String], References = System.Collections.Generic.HashSet`1[ContextKit.Model.ContextInfo], InvokedBy = System.Collections.Generic.HashSet`1[ContextKit.Model.ContextInfo], Owns = System.Collections.Generic.HashSet`1[ContextKit.Model.ContextInfo], MethodOwnedByItSelf = False, Properties = System.Collections.Generic.HashSet`1[ContextKit.Model.ContextInfo], Dimensions = System.Collections.Generic.Dictionary`2[System.String,System.String], SpanStart = 175, SpanEnd = 731, SymbolWrapper = , SyntaxWrapper = , NameWithClassOwnerName = CSharpSyntaxNodeWrapperEnum }";ContextKit.Model.ContextInfo;class;public;CSharpSyntaxNodeWrapperEnum;RoslynKit.Phases.ContextInfoBuilder.SyntaxNodeWrapper;CSharpSyntaxNodeWrapperEnum;CSharpSyntaxNodeWrapperEnum;CSharpSyntaxNodeWrapperEnum;"[syntax, model, roslyn]";"";"";model;"[syntax, roslyn]";[];[];[];False;[];[];175;731;"";"";CSharpSyntaxNodeWrapperEnum
"ContextInfo { ElementType = class, ElementVisibility = public, Identifier = CSharpSyntaxNodeWrapperRecord, Namespace = RoslynKit.Phases.ContextInfoBuilder.SyntaxNodeWrapper, FullName = CSharpSyntaxNodeWrapperRecord, Name = CSharpSyntaxNodeWrapperRecord, ShortName = CSharpSyntaxNodeWrapperRecord, Contexts = System.Collections.Generic.HashSet`1[System.String], ClassOwner = , MethodOwner = , Action = model, Domains = System.Collections.Generic.HashSet`1[System.String], References = System.Collections.Generic.HashSet`1[ContextKit.Model.ContextInfo], InvokedBy = System.Collections.Generic.HashSet`1[ContextKit.Model.ContextInfo], Owns = System.Collections.Generic.HashSet`1[ContextKit.Model.ContextInfo], MethodOwnedByItSelf = False, Properties = System.Collections.Generic.HashSet`1[ContextKit.Model.ContextInfo], Dimensions = System.Collections.Generic.Dictionary`2[System.String,System.String], SpanStart = 175, SpanEnd = 748, SymbolWrapper = , SyntaxWrapper = , NameWithClassOwnerName = CSharpSyntaxNodeWrapperRecord }";ContextKit.Model.ContextInfo;class;public;CSharpSyntaxNodeWrapperRecord;RoslynKit.Phases.ContextInfoBuilder.SyntaxNodeWrapper;CSharpSyntaxNodeWrapperRecord;CSharpSyntaxNodeWrapperRecord;CSharpSyntaxNodeWrapperRecord;"[syntax, model, roslyn]";"";"";model;"[syntax, roslyn]";[];[];[];False;[];[];175;748;"";"";CSharpSyntaxNodeWrapperRecord
"ContextInfo { ElementType = class, ElementVisibility = public, Identifier = CSharpSyntaxNodeWrapperDelegate, Namespace = RoslynKit.Phases.ContextInfoBuilder.SyntaxNodeWrapper, FullName = CSharpSyntaxNodeWrapperDelegate, Name = CSharpSyntaxNodeWrapperDelegate, ShortName = CSharpSyntaxNodeWrapperDelegate, Contexts = System.Collections.Generic.HashSet`1[System.String], ClassOwner = , MethodOwner = , Action = model, Domains = System.Collections.Generic.HashSet`1[System.String], References = System.Collections.Generic.HashSet`1[ContextKit.Model.ContextInfo], InvokedBy = System.Collections.Generic.HashSet`1[ContextKit.Model.ContextInfo], Owns = System.Collections.Generic.HashSet`1[ContextKit.Model.ContextInfo], MethodOwnedByItSelf = False, Properties = System.Collections.Generic.HashSet`1[ContextKit.Model.ContextInfo], Dimensions = System.Collections.Generic.Dictionary`2[System.String,System.String], SpanStart = 223, SpanEnd = 942, SymbolWrapper = , SyntaxWrapper = , NameWithClassOwnerName = CSharpSyntaxNodeWrapperDelegate }";ContextKit.Model.ContextInfo;class;public;CSharpSyntaxNodeWrapperDelegate;RoslynKit.Phases.ContextInfoBuilder.SyntaxNodeWrapper;CSharpSyntaxNodeWrapperDelegate;CSharpSyntaxNodeWrapperDelegate;CSharpSyntaxNodeWrapperDelegate;"[syntax, model, roslyn, symbol]";"";"";model;"[syntax, roslyn, symbol]";[];[];[];False;[];[];223;942;"";"";CSharpSyntaxNodeWrapperDelegate
"ContextInfo { ElementType = class, ElementVisibility = public, Identifier = CSharpSyntaxNodeWrapperMethod, Namespace = RoslynKit.Phases.ContextInfoBuilder.SyntaxNodeWrapper, FullName = CSharpSyntaxNodeWrapperMethod, Name = CSharpSyntaxNodeWrapperMethod, ShortName = CSharpSyntaxNodeWrapperMethod, Contexts = System.Collections.Generic.HashSet`1[System.String], ClassOwner = , MethodOwner = , Action = model, Domains = System.Collections.Generic.HashSet`1[System.String], References = System.Collections.Generic.HashSet`1[ContextKit.Model.ContextInfo], InvokedBy = System.Collections.Generic.HashSet`1[ContextKit.Model.ContextInfo], Owns = System.Collections.Generic.HashSet`1[ContextKit.Model.ContextInfo], MethodOwnedByItSelf = False, Properties = System.Collections.Generic.HashSet`1[ContextKit.Model.ContextInfo], Dimensions = System.Collections.Generic.Dictionary`2[System.String,System.String], SpanStart = 208, SpanEnd = 766, SymbolWrapper = , SyntaxWrapper = , NameWithClassOwnerName = CSharpSyntaxNodeWrapperMethod }";ContextKit.Model.ContextInfo;class;public;CSharpSyntaxNodeWrapperMethod;RoslynKit.Phases.ContextInfoBuilder.SyntaxNodeWrapper;CSharpSyntaxNodeWrapperMethod;CSharpSyntaxNodeWrapperMethod;CSharpSyntaxNodeWrapperMethod;"[syntax, model, roslyn, symbol]";"";"";model;"[syntax, roslyn, symbol]";[];[];[];False;[];[];208;766;"";"";CSharpSyntaxNodeWrapperMethod
"ContextInfo { ElementType = interface, ElementVisibility = public, Identifier = ISymbolInfo, Namespace = ContextKit.Model, FullName = ISymbolInfo, Name = ISymbolInfo, ShortName = ISymbolInfo, Contexts = System.Collections.Generic.HashSet`1[System.String], ClassOwner = , MethodOwner = , Action = model, Domains = System.Collections.Generic.HashSet`1[System.String], References = System.Collections.Generic.HashSet`1[ContextKit.Model.ContextInfo], InvokedBy = System.Collections.Generic.HashSet`1[ContextKit.Model.ContextInfo], Owns = System.Collections.Generic.HashSet`1[ContextKit.Model.ContextInfo], MethodOwnedByItSelf = False, Properties = System.Collections.Generic.HashSet`1[ContextKit.Model.ContextInfo], Dimensions = System.Collections.Generic.Dictionary`2[System.String,System.String], SpanStart = 66, SpanEnd = 314, SymbolWrapper = , SyntaxWrapper = , NameWithClassOwnerName = ISymbolInfo }";ContextKit.Model.ContextInfo;interface;public;ISymbolInfo;ContextKit.Model;ISymbolInfo;ISymbolInfo;ISymbolInfo;"[syntax, model, symbol]";"";"";model;"[syntax, symbol]";[];[];[];False;[];[];66;314;"";"";ISymbolInfo
"ContextInfo { ElementType = class, ElementVisibility = public, Identifier = ContextInfoSerializableModel, Namespace = ContextKit.Model.CacheManager, FullName = ContextInfoSerializableModel, Name = ContextInfoSerializableModel, ShortName = ContextInfoSerializableModel, Contexts = System.Collections.Generic.HashSet`1[System.String], ClassOwner = , MethodOwner = , Action = model, Domains = System.Collections.Generic.HashSet`1[System.String], References = System.Collections.Generic.HashSet`1[ContextKit.Model.ContextInfo], InvokedBy = System.Collections.Generic.HashSet`1[ContextKit.Model.ContextInfo], Owns = System.Collections.Generic.HashSet`1[ContextKit.Model.ContextInfo], MethodOwnedByItSelf = False, Properties = System.Collections.Generic.HashSet`1[ContextKit.Model.ContextInfo], Dimensions = System.Collections.Generic.Dictionary`2[System.String,System.String], SpanStart = 270, SpanEnd = 2808, SymbolWrapper = , SyntaxWrapper = , NameWithClassOwnerName = ContextInfoSerializableModel }";ContextKit.Model.ContextInfo;class;public;ContextInfoSerializableModel;ContextKit.Model.CacheManager;ContextInfoSerializableModel;ContextInfoSerializableModel;ContextInfoSerializableModel;"[roslyn, cache, model]";"";"";model;"[roslyn, cache]";[];[];[];False;[];[];270;2808;"";"";ContextInfoSerializableModel
"ContextInfo { ElementType = class, ElementVisibility = public, Identifier = CacheJsonModel, Namespace = ContextBrowserKit.Options.Export, FullName = CacheJsonModel, Name = CacheJsonModel, ShortName = CacheJsonModel, Contexts = System.Collections.Generic.HashSet`1[System.String], ClassOwner = , MethodOwner = , Action = model, Domains = System.Collections.Generic.HashSet`1[System.String], References = System.Collections.Generic.HashSet`1[ContextKit.Model.ContextInfo], InvokedBy = System.Collections.Generic.HashSet`1[ContextKit.Model.ContextInfo], Owns = System.Collections.Generic.HashSet`1[ContextKit.Model.ContextInfo], MethodOwnedByItSelf = False, Properties = System.Collections.Generic.HashSet`1[ContextKit.Model.ContextInfo], Dimensions = System.Collections.Generic.Dictionary`2[System.String,System.String], SpanStart = 171, SpanEnd = 622, SymbolWrapper = , SyntaxWrapper = , NameWithClassOwnerName = CacheJsonModel }";ContextKit.Model.ContextInfo;class;public;CacheJsonModel;ContextBrowserKit.Options.Export;CacheJsonModel;CacheJsonModel;CacheJsonModel;"[roslyn, cache, model]";"";"";model;"[roslyn, cache]";[];[];[];False;[];[];171;622;"";"";CacheJsonModel
"ContextInfo { ElementType = class, ElementVisibility = public, Identifier = CsvGenerator<TDataTensor>, Namespace = ExporterKit.Csv, FullName = CsvGenerator<TDataTensor>, Name = CsvGenerator, ShortName = CsvGenerator, Contexts = System.Collections.Generic.HashSet`1[System.String], ClassOwner = , MethodOwner = , Action = build, Domains = System.Collections.Generic.HashSet`1[System.String], References = System.Collections.Generic.HashSet`1[ContextKit.Model.ContextInfo], InvokedBy = System.Collections.Generic.HashSet`1[ContextKit.Model.ContextInfo], Owns = System.Collections.Generic.HashSet`1[ContextKit.Model.ContextInfo], MethodOwnedByItSelf = False, Properties = System.Collections.Generic.HashSet`1[ContextKit.Model.ContextInfo], Dimensions = System.Collections.Generic.Dictionary`2[System.String,System.String], SpanStart = 306, SpanEnd = 3523, SymbolWrapper = , SyntaxWrapper = , NameWithClassOwnerName = CsvGenerator }";ContextKit.Model.ContextInfo;class;public;CsvGenerator<TDataTensor>;ExporterKit.Csv;CsvGenerator<TDataTensor>;CsvGenerator;CsvGenerator;"[heatmap, build, csv]";"";"";build;"[heatmap, csv]";[];[];[];False;[];[];306;3523;"";"";CsvGenerator
"ContextInfo { ElementType = class, ElementVisibility = public, Identifier = ContextInfoCsvExporter<TDataTensor>, Namespace = ExporterKit.Csv, FullName = ContextInfoCsvExporter<TDataTensor>, Name = ContextInfoCsvExporter, ShortName = ContextInfoCsvExporter, Contexts = System.Collections.Generic.HashSet`1[System.String], ClassOwner = , MethodOwner = , Action = build, Domains = System.Collections.Generic.HashSet`1[System.String], References = System.Collections.Generic.HashSet`1[ContextKit.Model.ContextInfo], InvokedBy = System.Collections.Generic.HashSet`1[ContextKit.Model.ContextInfo], Owns = System.Collections.Generic.HashSet`1[ContextKit.Model.ContextInfo], MethodOwnedByItSelf = False, Properties = System.Collections.Generic.HashSet`1[ContextKit.Model.ContextInfo], Dimensions = System.Collections.Generic.Dictionary`2[System.String,System.String], SpanStart = 222, SpanEnd = 1141, SymbolWrapper = , SyntaxWrapper = , NameWithClassOwnerName = ContextInfoCsvExporter }";ContextKit.Model.ContextInfo;class;public;ContextInfoCsvExporter<TDataTensor>;ExporterKit.Csv;ContextInfoCsvExporter<TDataTensor>;ContextInfoCsvExporter;ContextInfoCsvExporter;"[build, csv, matrix]";"";"";build;"[csv, matrix]";[];[];[];False;[];[];222;1141;"";"";ContextInfoCsvExporter
"ContextInfo { ElementType = class, ElementVisibility = public, Identifier = TransitionDiagramBuilderCache, Namespace = UmlKit.Builders.Strategies, FullName = TransitionDiagramBuilderCache, Name = TransitionDiagramBuilderCache, ShortName = TransitionDiagramBuilderCache, Contexts = System.Collections.Generic.HashSet`1[System.String], ClassOwner = , MethodOwner = , Action = share, Domains = System.Collections.Generic.HashSet`1[System.String], References = System.Collections.Generic.HashSet`1[ContextKit.Model.ContextInfo], InvokedBy = System.Collections.Generic.HashSet`1[ContextKit.Model.ContextInfo], Owns = System.Collections.Generic.HashSet`1[ContextKit.Model.ContextInfo], MethodOwnedByItSelf = False, Properties = System.Collections.Generic.HashSet`1[ContextKit.Model.ContextInfo], Dimensions = System.Collections.Generic.Dictionary`2[System.String,System.String], SpanStart = 5080, SpanEnd = 6411, SymbolWrapper = , SyntaxWrapper = , NameWithClassOwnerName = TransitionDiagramBuilderCache }";ContextKit.Model.ContextInfo;class;public;TransitionDiagramBuilderCache;UmlKit.Builders.Strategies;TransitionDiagramBuilderCache;TransitionDiagramBuilderCache;TransitionDiagramBuilderCache;"[share, transition, cache]";"";"";share;"[transition, cache, transitioncache]";[];[];[];False;[];[];5080;6411;"";"";TransitionDiagramBuilderCache
"ContextInfo { ElementType = class, ElementVisibility = public, Identifier = A, Namespace = ContextSamples.ContextSamples.S2, FullName = A, Name = A, ShortName = A, Contexts = System.Collections.Generic.HashSet`1[System.String], ClassOwner = , MethodOwner = , Action = validate, Domains = System.Collections.Generic.HashSet`1[System.String], References = System.Collections.Generic.HashSet`1[ContextKit.Model.ContextInfo], InvokedBy = System.Collections.Generic.HashSet`1[ContextKit.Model.ContextInfo], Owns = System.Collections.Generic.HashSet`1[ContextKit.Model.ContextInfo], MethodOwnedByItSelf = False, Properties = System.Collections.Generic.HashSet`1[ContextKit.Model.ContextInfo], Dimensions = System.Collections.Generic.Dictionary`2[System.String,System.String], SpanStart = 81, SpanEnd = 237, SymbolWrapper = , SyntaxWrapper = , NameWithClassOwnerName = A }";ContextKit.Model.ContextInfo;class;public;A;ContextSamples.ContextSamples.S2;A;A;A;"[validate, s2.1, s2.2]";"";"";validate;"[s2.1, s2.2]";[];[];[];False;[];[];81;237;"";"";A
